cue,Color,Texture,Shape,Task,cue_stim,Trial_type,pic,pic_stim,img_path,subRespo_T,Photo_Prez,Cue_Prez_T,trial_Corr,rt,What_Is_CorrResp,Subject_Respo,trial_n
fcr,red,Filled,Circle,Scene,"Circle(__class__=<class 'psychopy.visual.circle.Circle'>, autoDraw=False, autoLog=True, closeShape=True, color=method-wrapper(...), colorSpace=None, contrast=1.0, depth=0, fillColor='red', fillColorSpace='named', fillRGB=array([255.,   0.,   0.]), interpolate=True, lineColor='red', lineColorSpace='named', lineRGB=array([255.,   0.,   0.]), lineWidth=1.5, name='circle_filled', opacity=1.0, ori=array(0.), pos=array([0., 0.]), size=array([10., 10.]), units='deg', vertices=ndarray(...), win=Window(...))",Stay,Scene,"ImageStim(__class__=<class 'psychopy.visual.image.ImageStim'>, autoLog=True, color=array([1., 1., 1.]), colorSpace='rgb', contrast=1.0, depth=0, flipHoriz=False, flipVert=False, image=str(...), interpolate=False, mask=None, maskParams=None, name='unnamed ImageStim', opacity=1.0, ori=0.0, pos=array([0., 0.]), size=array([10.30610668, 10.30610668]), texRes=128, units='deg', win=Window(...))",Z:\THHS_Paradigm/localizer_stim/scenes\Sc36.jpg,4.512050260589604,4.025342022345285,3.0100981844589114,1,23.095474327230477,1,1,0
fcr,red,Filled,Circle,Scene,"Circle(__class__=<class 'psychopy.visual.circle.Circle'>, autoDraw=False, autoLog=True, closeShape=True, color=method-wrapper(...), colorSpace=None, contrast=1.0, depth=0, fillColor='red', fillColorSpace='named', fillRGB=array([255.,   0.,   0.]), interpolate=True, lineColor='red', lineColorSpace='named', lineRGB=array([255.,   0.,   0.]), lineWidth=1.5, name='circle_filled', opacity=1.0, ori=array(0.), pos=array([0., 0.]), size=array([10., 10.]), units='deg', vertices=ndarray(...), win=Window(...))",Stay,Face,"ImageStim(__class__=<class 'psychopy.visual.image.ImageStim'>, autoLog=True, color=array([1., 1., 1.]), colorSpace='rgb', contrast=1.0, depth=0, flipHoriz=False, flipVert=False, image=str(...), interpolate=False, mask=None, maskParams=None, name='unnamed ImageStim', opacity=1.0, ori=0.0, pos=array([0., 0.]), size=array([10.30610668, 10.30610668]), texRes=128, units='deg', win=Window(...))",Z:\THHS_Paradigm/localizer_stim/faces\163.jpg,7.376059687016095,6.937946435162303,5.93271993979215,1,25.959482470450894,0,0,1
fcr,red,Filled,Circle,Scene,"Circle(__class__=<class 'psychopy.visual.circle.Circle'>, autoDraw=False, autoLog=True, closeShape=True, color=method-wrapper(...), colorSpace=None, contrast=1.0, depth=0, fillColor='red', fillColorSpace='named', fillRGB=array([255.,   0.,   0.]), interpolate=True, lineColor='red', lineColorSpace='named', lineRGB=array([255.,   0.,   0.]), lineWidth=1.5, name='circle_filled', opacity=1.0, ori=array(0.), pos=array([0., 0.]), size=array([10., 10.]), units='deg', vertices=ndarray(...), win=Window(...))",Stay,Scene,"ImageStim(__class__=<class 'psychopy.visual.image.ImageStim'>, autoLog=True, color=array([1., 1., 1.]), colorSpace='rgb', contrast=1.0, depth=0, flipHoriz=False, flipVert=False, image=str(...), interpolate=False, mask=None, maskParams=None, name='unnamed ImageStim', opacity=1.0, ori=0.0, pos=array([0., 0.]), size=array([10.30610668, 10.30610668]), texRes=128, units='deg', win=Window(...))",Z:\THHS_Paradigm/localizer_stim/scenes\41.jpg,9.8401543182772,9.421703621912457,8.407751009403,1,28.423588008958177,1,1,2
fcr,red,Filled,Circle,Scene,"Circle(__class__=<class 'psychopy.visual.circle.Circle'>, autoDraw=False, autoLog=True, closeShape=True, color=method-wrapper(...), colorSpace=None, contrast=1.0, depth=0, fillColor='red', fillColorSpace='named', fillRGB=array([255.,   0.,   0.]), interpolate=True, lineColor='red', lineColorSpace='named', lineRGB=array([255.,   0.,   0.]), lineWidth=1.5, name='circle_filled', opacity=1.0, ori=array(0.), pos=array([0., 0.]), size=array([10., 10.]), units='deg', vertices=ndarray(...), win=Window(...))",Stay,Scene,"ImageStim(__class__=<class 'psychopy.visual.image.ImageStim'>, autoLog=True, color=array([1., 1., 1.]), colorSpace='rgb', contrast=1.0, depth=0, flipHoriz=False, flipVert=False, image=str(...), interpolate=False, mask=None, maskParams=None, name='unnamed ImageStim', opacity=1.0, ori=0.0, pos=array([0., 0.]), size=array([10.30610668, 10.30610668]), texRes=128, units='deg', win=Window(...))",Z:\THHS_Paradigm/localizer_stim/scenes\Sc20.jpg,12.848046672745113,12.389847407637717,11.384694696578663,1,31.431468493778084,1,1,3
fcb,blue,Filled,Circle,Scene,"Circle(__class__=<class 'psychopy.visual.circle.Circle'>, autoDraw=False, autoLog=True, closeShape=True, color=method-wrapper(...), colorSpace=None, contrast=1.0, depth=0, fillColor='blue', fillColorSpace='named', fillRGB=array([  0.,   0., 255.]), interpolate=True, lineColor='blue', lineColorSpace='named', lineRGB=array([  0.,   0., 255.]), lineWidth=1.5, name='circle_filled', opacity=1.0, ori=array(0.), pos=array([0., 0.]), size=array([10., 10.]), units='deg', vertices=ndarray(...), win=Window(...))",Stay,Face,"ImageStim(__class__=<class 'psychopy.visual.image.ImageStim'>, autoLog=True, color=array([1., 1., 1.]), colorSpace='rgb', contrast=1.0, depth=0, flipHoriz=False, flipVert=False, image=str(...), interpolate=False, mask=None, maskParams=None, name='unnamed ImageStim', opacity=1.0, ori=0.0, pos=array([0., 0.]), size=array([10.30610668, 10.30610668]), texRes=128, units='deg', win=Window(...))",Z:\THHS_Paradigm/localizer_stim/faces\131.jpg,15.680032747401128,14.882722089161689,13.864367119917006,1,34.2634545684341,0,0,4
fpb,blue,Filled,Polygon,Face,"ShapeStim(__class__=<class 'psychopy.visual.shape.ShapeStim'>, autoDraw=False, autoLog=True, closeShape=True, contrast=1.0, depth=0, fillColor='blue', fillColorSpace='named', interpolate=True, lineColor='blue', lineColorSpace='named', lineWidth=0, name='polygon_filled', opacity=1.0, ori=array(0.), pos=array([0., 0.]), size=array([15., 15.]), units='deg', vertices=ndarray(...), win=Window(...), windingRule=None)",IDS,Scene,"ImageStim(__class__=<class 'psychopy.visual.image.ImageStim'>, autoLog=True, color=array([1., 1., 1.]), colorSpace='rgb', contrast=1.0, depth=0, flipHoriz=False, flipVert=False, image=str(...), interpolate=False, mask=None, maskParams=None, name='unnamed ImageStim', opacity=1.0, ori=0.0, pos=array([0., 0.]), size=array([10.30610668, 10.30610668]), texRes=128, units='deg', win=Window(...))",Z:\THHS_Paradigm/localizer_stim/scenes\Sc128.jpg,18.544166323947138,18.022616173395363,17.016286121430312,1,37.12757852093637,0,0,5
fpr,red,Filled,Polygon,Face,"ShapeStim(__class__=<class 'psychopy.visual.shape.ShapeStim'>, autoDraw=False, autoLog=True, closeShape=True, contrast=1.0, depth=0, fillColor='red', fillColorSpace='named', interpolate=True, lineColor='red', lineColorSpace='named', lineWidth=0, name='polygon_filled', opacity=1.0, ori=array(0.), pos=array([0., 0.]), size=array([15., 15.]), units='deg', vertices=ndarray(...), win=Window(...), windingRule=None)",Stay,Scene,"ImageStim(__class__=<class 'psychopy.visual.image.ImageStim'>, autoLog=True, color=array([1., 1., 1.]), colorSpace='rgb', contrast=1.0, depth=0, flipHoriz=False, flipVert=False, image=str(...), interpolate=False, mask=None, maskParams=None, name='unnamed ImageStim', opacity=1.0, ori=0.0, pos=array([0., 0.]), size=array([10.30610668, 10.30610668]), texRes=128, units='deg', win=Window(...))",Z:\THHS_Paradigm/localizer_stim/scenes\21.jpg,21.504064552929776,21.08440058591441,20.06715815570351,1,40.08750145162412,0,0,6
fpr,red,Filled,Polygon,Face,"ShapeStim(__class__=<class 'psychopy.visual.shape.ShapeStim'>, autoDraw=False, autoLog=True, closeShape=True, contrast=1.0, depth=0, fillColor='red', fillColorSpace='named', interpolate=True, lineColor='red', lineColorSpace='named', lineWidth=0, name='polygon_filled', opacity=1.0, ori=array(0.), pos=array([0., 0.]), size=array([15., 15.]), units='deg', vertices=ndarray(...), win=Window(...), windingRule=None)",Stay,Face,"ImageStim(__class__=<class 'psychopy.visual.image.ImageStim'>, autoLog=True, color=array([1., 1., 1.]), colorSpace='rgb', contrast=1.0, depth=0, flipHoriz=False, flipVert=False, image=str(...), interpolate=False, mask=None, maskParams=None, name='unnamed ImageStim', opacity=1.0, ori=0.0, pos=array([0., 0.]), size=array([10.30610668, 10.30610668]), texRes=128, units='deg', win=Window(...))",Z:\THHS_Paradigm/localizer_stim/faces\131.jpg,23.95202287698703,23.552632912807894,22.540113640665368,1,42.535443735614535,1,1,7
fcr,red,Filled,Circle,Scene,"Circle(__class__=<class 'psychopy.visual.circle.Circle'>, autoDraw=False, autoLog=True, closeShape=True, color=method-wrapper(...), colorSpace=None, contrast=1.0, depth=0, fillColor='red', fillColorSpace='named', fillRGB=array([255.,   0.,   0.]), interpolate=True, lineColor='red', lineColorSpace='named', lineRGB=array([255.,   0.,   0.]), lineWidth=1.5, name='circle_filled', opacity=1.0, ori=array(0.), pos=array([0., 0.]), size=array([10., 10.]), units='deg', vertices=ndarray(...), win=Window(...))",IDS,Face,"ImageStim(__class__=<class 'psychopy.visual.image.ImageStim'>, autoLog=True, color=array([1., 1., 1.]), colorSpace='rgb', contrast=1.0, depth=0, flipHoriz=False, flipVert=False, image=str(...), interpolate=False, mask=None, maskParams=None, name='unnamed ImageStim', opacity=1.0, ori=0.0, pos=array([0., 0.]), size=array([10.30610668, 10.30610668]), texRes=128, units='deg', win=Window(...))",Z:\THHS_Paradigm/localizer_stim/faces\152.jpg,26.703996928008564,26.208163174960646,25.180324035016383,1,45.2874335059023,0,0,8
fcb,blue,Filled,Circle,Scene,"Circle(__class__=<class 'psychopy.visual.circle.Circle'>, autoDraw=False, autoLog=True, closeShape=True, color=method-wrapper(...), colorSpace=None, contrast=1.0, depth=0, fillColor='blue', fillColorSpace='named', fillRGB=array([  0.,   0., 255.]), interpolate=True, lineColor='blue', lineColorSpace='named', lineRGB=array([  0.,   0., 255.]), lineWidth=1.5, name='circle_filled', opacity=1.0, ori=array(0.), pos=array([0., 0.]), size=array([10., 10.]), units='deg', vertices=ndarray(...), win=Window(...))",Stay,Face,"ImageStim(__class__=<class 'psychopy.visual.image.ImageStim'>, autoLog=True, color=array([1., 1., 1.]), colorSpace='rgb', contrast=1.0, depth=0, flipHoriz=False, flipVert=False, image=str(...), interpolate=False, mask=None, maskParams=None, name='unnamed ImageStim', opacity=1.0, ori=0.0, pos=array([0., 0.]), size=array([10.30610668, 10.30610668]), texRes=128, units='deg', win=Window(...))",Z:\THHS_Paradigm/localizer_stim/faces\107.jpg,29.568002504816832,28.957517562270368,27.94422740452137,1,48.15143779950813,0,0,9
fcr,red,Filled,Circle,Scene,"Circle(__class__=<class 'psychopy.visual.circle.Circle'>, autoDraw=False, autoLog=True, closeShape=True, color=method-wrapper(...), colorSpace=None, contrast=1.0, depth=0, fillColor='red', fillColorSpace='named', fillRGB=array([255.,   0.,   0.]), interpolate=True, lineColor='red', lineColorSpace='named', lineRGB=array([255.,   0.,   0.]), lineWidth=1.5, name='circle_filled', opacity=1.0, ori=array(0.), pos=array([0., 0.]), size=array([10., 10.]), units='deg', vertices=ndarray(...), win=Window(...))",Stay,Scene,"ImageStim(__class__=<class 'psychopy.visual.image.ImageStim'>, autoLog=True, color=array([1., 1., 1.]), colorSpace='rgb', contrast=1.0, depth=0, flipHoriz=False, flipVert=False, image=str(...), interpolate=False, mask=None, maskParams=None, name='unnamed ImageStim', opacity=1.0, ori=0.0, pos=array([0., 0.]), size=array([10.30610668, 10.30610668]), texRes=128, units='deg', win=Window(...))",Z:\THHS_Paradigm/localizer_stim/scenes\Sc36.jpg,32.51211955367762,32.01929491716146,30.99614749675675,1,51.09555228195313,1,1,10
fcb,blue,Filled,Circle,Scene,"Circle(__class__=<class 'psychopy.visual.circle.Circle'>, autoDraw=False, autoLog=True, closeShape=True, color=method-wrapper(...), colorSpace=None, contrast=1.0, depth=0, fillColor='blue', fillColorSpace='named', fillRGB=array([  0.,   0., 255.]), interpolate=True, lineColor='blue', lineColorSpace='named', lineRGB=array([  0.,   0., 255.]), lineWidth=1.5, name='circle_filled', opacity=1.0, ori=array(0.), pos=array([0., 0.]), size=array([10., 10.]), units='deg', vertices=ndarray(...), win=Window(...))",Stay,Scene,"ImageStim(__class__=<class 'psychopy.visual.image.ImageStim'>, autoLog=True, color=array([1., 1., 1.]), colorSpace='rgb', contrast=1.0, depth=0, flipHoriz=False, flipVert=False, image=str(...), interpolate=False, mask=None, maskParams=None, name='unnamed ImageStim', opacity=1.0, ori=0.0, pos=array([0., 0.]), size=array([10.30610668, 10.30610668]), texRes=128, units='deg', win=Window(...))",Z:\THHS_Paradigm/localizer_stim/scenes\Sc89.jpg,35.05601512129215,34.674856297042425,33.645530884507025,1,53.639435338318435,1,1,11
fpr,red,Filled,Polygon,Face,"ShapeStim(__class__=<class 'psychopy.visual.shape.ShapeStim'>, autoDraw=False, autoLog=True, closeShape=True, contrast=1.0, depth=0, fillColor='red', fillColorSpace='named', interpolate=True, lineColor='red', lineColorSpace='named', lineWidth=0, name='polygon_filled', opacity=1.0, ori=array(0.), pos=array([0., 0.]), size=array([15., 15.]), units='deg', vertices=ndarray(...), win=Window(...), windingRule=None)",IDS,Face,"ImageStim(__class__=<class 'psychopy.visual.image.ImageStim'>, autoLog=True, color=array([1., 1., 1.]), colorSpace='rgb', contrast=1.0, depth=0, flipHoriz=False, flipVert=False, image=str(...), interpolate=False, mask=None, maskParams=None, name='unnamed ImageStim', opacity=1.0, ori=0.0, pos=array([0., 0.]), size=array([10.30610668, 10.30610668]), texRes=128, units='deg', win=Window(...))",Z:\THHS_Paradigm/localizer_stim/faces\185.jpg,37.8080045707793,37.40970148152701,36.38303872007964,1,56.391423825400125,1,1,12
fpr,red,Filled,Polygon,Face,"ShapeStim(__class__=<class 'psychopy.visual.shape.ShapeStim'>, autoDraw=False, autoLog=True, closeShape=True, contrast=1.0, depth=0, fillColor='red', fillColorSpace='named', interpolate=True, lineColor='red', lineColorSpace='named', lineWidth=0, name='polygon_filled', opacity=1.0, ori=array(0.), pos=array([0., 0.]), size=array([15., 15.]), units='deg', vertices=ndarray(...), win=Window(...), windingRule=None)",Stay,Scene,"ImageStim(__class__=<class 'psychopy.visual.image.ImageStim'>, autoLog=True, color=array([1., 1., 1.]), colorSpace='rgb', contrast=1.0, depth=0, flipHoriz=False, flipVert=False, image=str(...), interpolate=False, mask=None, maskParams=None, name='unnamed ImageStim', opacity=1.0, ori=0.0, pos=array([0., 0.]), size=array([10.30610668, 10.30610668]), texRes=128, units='deg', win=Window(...))",Z:\THHS_Paradigm/localizer_stim/scenes\Sc81.jpg,40.54396550231104,39.97160683614857,38.942355207924265,1,59.12740272180599,0,0,13
fcb,blue,Filled,Circle,Scene,"Circle(__class__=<class 'psychopy.visual.circle.Circle'>, autoDraw=False, autoLog=True, closeShape=True, color=method-wrapper(...), colorSpace=None, contrast=1.0, depth=0, fillColor='blue', fillColorSpace='named', fillRGB=array([  0.,   0., 255.]), interpolate=True, lineColor='blue', lineColorSpace='named', lineRGB=array([  0.,   0., 255.]), lineWidth=1.5, name='circle_filled', opacity=1.0, ori=array(0.), pos=array([0., 0.]), size=array([10., 10.]), units='deg', vertices=ndarray(...), win=Window(...))",IDS,Face,"ImageStim(__class__=<class 'psychopy.visual.image.ImageStim'>, autoLog=True, color=array([1., 1., 1.]), colorSpace='rgb', contrast=1.0, depth=0, flipHoriz=False, flipVert=False, image=str(...), interpolate=False, mask=None, maskParams=None, name='unnamed ImageStim', opacity=1.0, ori=0.0, pos=array([0., 0.]), size=array([10.30610668, 10.30610668]), texRes=128, units='deg', win=Window(...))",Z:\THHS_Paradigm/localizer_stim/faces\83.jpg,43.34398949824754,42.799849800816446,41.77789159096574,1,61.927411960885365,0,0,14
fpb,blue,Filled,Polygon,Face,"ShapeStim(__class__=<class 'psychopy.visual.shape.ShapeStim'>, autoDraw=False, autoLog=True, closeShape=True, contrast=1.0, depth=0, fillColor='blue', fillColorSpace='named', interpolate=True, lineColor='blue', lineColorSpace='named', lineWidth=0, name='polygon_filled', opacity=1.0, ori=array(0.), pos=array([0., 0.]), size=array([15., 15.]), units='deg', vertices=ndarray(...), win=Window(...), windingRule=None)",IDS,Scene,"ImageStim(__class__=<class 'psychopy.visual.image.ImageStim'>, autoLog=True, color=array([1., 1., 1.]), colorSpace='rgb', contrast=1.0, depth=0, flipHoriz=False, flipVert=False, image=str(...), interpolate=False, mask=None, maskParams=None, name='unnamed ImageStim', opacity=1.0, ori=0.0, pos=array([0., 0.]), size=array([10.30610668, 10.30610668]), texRes=128, units='deg', win=Window(...))",Z:\THHS_Paradigm/localizer_stim/scenes\Sc122.jpg,46.19209102802415,45.59608866179042,44.581802736694954,0,64.77550354581399,0,1,15
fpr,red,Filled,Polygon,Face,"ShapeStim(__class__=<class 'psychopy.visual.shape.ShapeStim'>, autoDraw=False, autoLog=True, closeShape=True, contrast=1.0, depth=0, fillColor='red', fillColorSpace='named', interpolate=True, lineColor='red', lineColorSpace='named', lineWidth=0, name='polygon_filled', opacity=1.0, ori=array(0.), pos=array([0., 0.]), size=array([15., 15.]), units='deg', vertices=ndarray(...), win=Window(...), windingRule=None)",Stay,Scene,"ImageStim(__class__=<class 'psychopy.visual.image.ImageStim'>, autoLog=True, color=array([1., 1., 1.]), colorSpace='rgb', contrast=1.0, depth=0, flipHoriz=False, flipVert=False, image=str(...), interpolate=False, mask=None, maskParams=None, name='unnamed ImageStim', opacity=1.0, ori=0.0, pos=array([0., 0.]), size=array([10.30610668, 10.30610668]), texRes=128, units='deg', win=Window(...))",Z:\THHS_Paradigm/localizer_stim/scenes\Sc5.jpg,49.66394873081663,48.767217888911546,47.74792489656102,1,68.24738627111219,0,0,16
fpr,red,Filled,Polygon,Face,"ShapeStim(__class__=<class 'psychopy.visual.shape.ShapeStim'>, autoDraw=False, autoLog=True, closeShape=True, contrast=1.0, depth=0, fillColor='red', fillColorSpace='named', interpolate=True, lineColor='red', lineColorSpace='named', lineWidth=0, name='polygon_filled', opacity=1.0, ori=array(0.), pos=array([0., 0.]), size=array([15., 15.]), units='deg', vertices=ndarray(...), win=Window(...), windingRule=None)",Stay,Face,"ImageStim(__class__=<class 'psychopy.visual.image.ImageStim'>, autoLog=True, color=array([1., 1., 1.]), colorSpace='rgb', contrast=1.0, depth=0, flipHoriz=False, flipVert=False, image=str(...), interpolate=False, mask=None, maskParams=None, name='unnamed ImageStim', opacity=1.0, ori=0.0, pos=array([0., 0.]), size=array([10.30610668, 10.30610668]), texRes=128, units='deg', win=Window(...))",Z:\THHS_Paradigm/localizer_stim/faces\133.jpg,52.31999195430399,51.828967013283545,50.811669726044784,1,70.90342821139711,1,1,17
fpr,red,Filled,Polygon,Face,"ShapeStim(__class__=<class 'psychopy.visual.shape.ShapeStim'>, autoDraw=False, autoLog=True, closeShape=True, contrast=1.0, depth=0, fillColor='red', fillColorSpace='named', interpolate=True, lineColor='red', lineColorSpace='named', lineWidth=0, name='polygon_filled', opacity=1.0, ori=array(0.), pos=array([0., 0.]), size=array([15., 15.]), units='deg', vertices=ndarray(...), win=Window(...), windingRule=None)",Stay,Scene,"ImageStim(__class__=<class 'psychopy.visual.image.ImageStim'>, autoLog=True, color=array([1., 1., 1.]), colorSpace='rgb', contrast=1.0, depth=0, flipHoriz=False, flipVert=False, image=str(...), interpolate=False, mask=None, maskParams=None, name='unnamed ImageStim', opacity=1.0, ori=0.0, pos=array([0., 0.]), size=array([10.30610668, 10.30610668]), texRes=128, units='deg', win=Window(...))",Z:\THHS_Paradigm/localizer_stim/scenes\54.jpg,55.391982982131594,54.76849596143438,53.749236974024825,1,73.97539646233054,0,0,18
dcb,blue,Donut,Circle,Scene,"Circle(__class__=<class 'psychopy.visual.circle.Circle'>, autoDraw=False, autoLog=True, closeShape=True, color=method-wrapper(...), colorSpace=None, contrast=1.0, depth=0, fillColor=None, fillColorSpace='rgb', fillRGB=None, interpolate=True, lineColor='blue', lineColorSpace='named', lineRGB=array([  0.,   0., 255.]), lineWidth=100, name='circle_donut', opacity=1.0, ori=array(0.), pos=array([0., 0.]), size=array([10., 10.]), units='deg', vertices=ndarray(...), win=Window(...))",EDS,Scene,"ImageStim(__class__=<class 'psychopy.visual.image.ImageStim'>, autoLog=True, color=array([1., 1., 1.]), colorSpace='rgb', contrast=1.0, depth=0, flipHoriz=False, flipVert=False, image=str(...), interpolate=False, mask=None, maskParams=None, name='unnamed ImageStim', opacity=1.0, ori=0.0, pos=array([0., 0.]), size=array([10.30610668, 10.30610668]), texRes=128, units='deg', win=Window(...))",Z:\THHS_Paradigm/localizer_stim/scenes\Sc104.jpg,58.12809244468008,57.439745809853775,56.43567997372156,1,76.71150464167295,1,1,19
dpb,blue,Donut,Polygon,Scene,"ShapeStim(__class__=<class 'psychopy.visual.shape.ShapeStim'>, autoDraw=False, autoLog=True, closeShape=True, contrast=1.0, depth=0, fillColor='blue', fillColorSpace='named', interpolate=True, lineColor='blue', lineColorSpace='named', lineWidth=30, name='polygon_donut', opacity=1.0, ori=array(0.), pos=array([0., 0.]), size=array([15., 15.]), units='deg', vertices=ndarray(...), win=Window(...), windingRule=None)",Stay,Face,"ImageStim(__class__=<class 'psychopy.visual.image.ImageStim'>, autoLog=True, color=array([1., 1., 1.]), colorSpace='rgb', contrast=1.0, depth=0, flipHoriz=False, flipVert=False, image=str(...), interpolate=False, mask=None, maskParams=None, name='unnamed ImageStim', opacity=1.0, ori=0.0, pos=array([0., 0.]), size=array([10.30610668, 10.30610668]), texRes=128, units='deg', win=Window(...))",Z:\THHS_Paradigm/localizer_stim/faces\37.jpg,60.799926793137274,60.39212734273315,59.37796332214202,1,79.3833649750377,0,0,20
fcr,red,Filled,Circle,Scene,"Circle(__class__=<class 'psychopy.visual.circle.Circle'>, autoDraw=False, autoLog=True, closeShape=True, color=method-wrapper(...), colorSpace=None, contrast=1.0, depth=0, fillColor='red', fillColorSpace='named', fillRGB=array([255.,   0.,   0.]), interpolate=True, lineColor='red', lineColorSpace='named', lineRGB=array([255.,   0.,   0.]), lineWidth=1.5, name='circle_filled', opacity=1.0, ori=array(0.), pos=array([0., 0.]), size=array([10., 10.]), units='deg', vertices=ndarray(...), win=Window(...))",EDS,Face,"ImageStim(__class__=<class 'psychopy.visual.image.ImageStim'>, autoLog=True, color=array([1., 1., 1.]), colorSpace='rgb', contrast=1.0, depth=0, flipHoriz=False, flipVert=False, image=str(...), interpolate=False, mask=None, maskParams=None, name='unnamed ImageStim', opacity=1.0, ori=0.0, pos=array([0., 0.]), size=array([10.30610668, 10.30610668]), texRes=128, units='deg', win=Window(...))",Z:\THHS_Paradigm/localizer_stim/faces\191.jpg,63.50393366598291,62.86032470228383,61.84030669891217,1,82.08735709102257,0,0,21
fpr,red,Filled,Polygon,Face,"ShapeStim(__class__=<class 'psychopy.visual.shape.ShapeStim'>, autoDraw=False, autoLog=True, closeShape=True, contrast=1.0, depth=0, fillColor='red', fillColorSpace='named', interpolate=True, lineColor='red', lineColorSpace='named', lineWidth=0, name='polygon_filled', opacity=1.0, ori=array(0.), pos=array([0., 0.]), size=array([15., 15.]), units='deg', vertices=ndarray(...), win=Window(...), windingRule=None)",IDS,Face,"ImageStim(__class__=<class 'psychopy.visual.image.ImageStim'>, autoLog=True, color=array([1., 1., 1.]), colorSpace='rgb', contrast=1.0, depth=0, flipHoriz=False, flipVert=False, image=str(...), interpolate=False, mask=None, maskParams=None, name='unnamed ImageStim', opacity=1.0, ori=0.0, pos=array([0., 0.]), size=array([10.30610668, 10.30610668]), texRes=128, units='deg', win=Window(...))",Z:\THHS_Paradigm/localizer_stim/faces\118.jpg,66.06395206715024,65.6609883760866,64.65261674442081,1,84.64736362253825,1,1,22
fcb,blue,Filled,Circle,Scene,"Circle(__class__=<class 'psychopy.visual.circle.Circle'>, autoDraw=False, autoLog=True, closeShape=True, color=method-wrapper(...), colorSpace=None, contrast=1.0, depth=0, fillColor='blue', fillColorSpace='named', fillRGB=array([  0.,   0., 255.]), interpolate=True, lineColor='blue', lineColorSpace='named', lineRGB=array([  0.,   0., 255.]), lineWidth=1.5, name='circle_filled', opacity=1.0, ori=array(0.), pos=array([0., 0.]), size=array([10., 10.]), units='deg', vertices=ndarray(...), win=Window(...))",IDS,Face,"ImageStim(__class__=<class 'psychopy.visual.image.ImageStim'>, autoLog=True, color=array([1., 1., 1.]), colorSpace='rgb', contrast=1.0, depth=0, flipHoriz=False, flipVert=False, image=str(...), interpolate=False, mask=None, maskParams=None, name='unnamed ImageStim', opacity=1.0, ori=0.0, pos=array([0., 0.]), size=array([10.30610668, 10.30610668]), texRes=128, units='deg', win=Window(...))",Z:\THHS_Paradigm/localizer_stim/faces\213.jpg,68.83193474644213,68.34659312189251,67.31573909099097,1,87.41535624667449,0,0,23
fcr,red,Filled,Circle,Scene,"Circle(__class__=<class 'psychopy.visual.circle.Circle'>, autoDraw=False, autoLog=True, closeShape=True, color=method-wrapper(...), colorSpace=None, contrast=1.0, depth=0, fillColor='red', fillColorSpace='named', fillRGB=array([255.,   0.,   0.]), interpolate=True, lineColor='red', lineColorSpace='named', lineRGB=array([255.,   0.,   0.]), lineWidth=1.5, name='circle_filled', opacity=1.0, ori=array(0.), pos=array([0., 0.]), size=array([10., 10.]), units='deg', vertices=ndarray(...), win=Window(...))",Stay,Face,"ImageStim(__class__=<class 'psychopy.visual.image.ImageStim'>, autoLog=True, color=array([1., 1., 1.]), colorSpace='rgb', contrast=1.0, depth=0, flipHoriz=False, flipVert=False, image=str(...), interpolate=False, mask=None, maskParams=None, name='unnamed ImageStim', opacity=1.0, ori=0.0, pos=array([0., 0.]), size=array([10.30610668, 10.30610668]), texRes=128, units='deg', win=Window(...))",Z:\THHS_Paradigm/localizer_stim/faces\155.jpg,71.6959127343398,71.08713573810383,70.07183896799688,1,90.27934450021348,0,0,24
fcb,blue,Filled,Circle,Scene,"Circle(__class__=<class 'psychopy.visual.circle.Circle'>, autoDraw=False, autoLog=True, closeShape=True, color=method-wrapper(...), colorSpace=None, contrast=1.0, depth=0, fillColor='blue', fillColorSpace='named', fillRGB=array([  0.,   0., 255.]), interpolate=True, lineColor='blue', lineColorSpace='named', lineRGB=array([  0.,   0., 255.]), lineWidth=1.5, name='circle_filled', opacity=1.0, ori=array(0.), pos=array([0., 0.]), size=array([10., 10.]), units='deg', vertices=ndarray(...), win=Window(...))",Stay,Scene,"ImageStim(__class__=<class 'psychopy.visual.image.ImageStim'>, autoLog=True, color=array([1., 1., 1.]), colorSpace='rgb', contrast=1.0, depth=0, flipHoriz=False, flipVert=False, image=str(...), interpolate=False, mask=None, maskParams=None, name='unnamed ImageStim', opacity=1.0, ori=0.0, pos=array([0., 0.]), size=array([10.30610668, 10.30610668]), texRes=128, units='deg', win=Window(...))",Z:\THHS_Paradigm/localizer_stim/scenes\Sc160.jpg,74.20798737582663,73.7740301052836,72.74841443939658,1,92.79139893121828,1,1,25
fpb,blue,Filled,Polygon,Face,"ShapeStim(__class__=<class 'psychopy.visual.shape.ShapeStim'>, autoDraw=False, autoLog=True, closeShape=True, contrast=1.0, depth=0, fillColor='blue', fillColorSpace='named', interpolate=True, lineColor='blue', lineColorSpace='named', lineWidth=0, name='polygon_filled', opacity=1.0, ori=array(0.), pos=array([0., 0.]), size=array([15., 15.]), units='deg', vertices=ndarray(...), win=Window(...), windingRule=None)",IDS,Face,"ImageStim(__class__=<class 'psychopy.visual.image.ImageStim'>, autoLog=True, color=array([1., 1., 1.]), colorSpace='rgb', contrast=1.0, depth=0, flipHoriz=False, flipVert=False, image=str(...), interpolate=False, mask=None, maskParams=None, name='unnamed ImageStim', opacity=1.0, ori=0.0, pos=array([0., 0.]), size=array([10.30610668, 10.30610668]), texRes=128, units='deg', win=Window(...))",Z:\THHS_Paradigm/localizer_stim/faces\163.jpg,77.8078935735175,76.57015508178301,75.56145911996646,1,96.39133175541792,1,1,26
fpr,red,Filled,Polygon,Face,"ShapeStim(__class__=<class 'psychopy.visual.shape.ShapeStim'>, autoDraw=False, autoLog=True, closeShape=True, contrast=1.0, depth=0, fillColor='red', fillColorSpace='named', interpolate=True, lineColor='red', lineColorSpace='named', lineWidth=0, name='polygon_filled', opacity=1.0, ori=array(0.), pos=array([0., 0.]), size=array([15., 15.]), units='deg', vertices=ndarray(...), win=Window(...), windingRule=None)",Stay,Face,"ImageStim(__class__=<class 'psychopy.visual.image.ImageStim'>, autoLog=True, color=array([1., 1., 1.]), colorSpace='rgb', contrast=1.0, depth=0, flipHoriz=False, flipVert=False, image=str(...), interpolate=False, mask=None, maskParams=None, name='unnamed ImageStim', opacity=1.0, ori=0.0, pos=array([0., 0.]), size=array([10.30610668, 10.30610668]), texRes=128, units='deg', win=Window(...))",Z:\THHS_Paradigm/localizer_stim/faces\131.jpg,80.63996915174357,80.05376566232371,79.04258220694828,1,99.22340605043792,1,1,27
dcb,blue,Donut,Circle,Scene,"Circle(__class__=<class 'psychopy.visual.circle.Circle'>, autoDraw=False, autoLog=True, closeShape=True, color=method-wrapper(...), colorSpace=None, contrast=1.0, depth=0, fillColor=None, fillColorSpace='rgb', fillRGB=None, interpolate=True, lineColor='blue', lineColorSpace='named', lineRGB=array([  0.,   0., 255.]), lineWidth=100, name='circle_donut', opacity=1.0, ori=array(0.), pos=array([0., 0.]), size=array([10., 10.]), units='deg', vertices=ndarray(...), win=Window(...))",EDS,Face,"ImageStim(__class__=<class 'psychopy.visual.image.ImageStim'>, autoLog=True, color=array([1., 1., 1.]), colorSpace='rgb', contrast=1.0, depth=0, flipHoriz=False, flipVert=False, image=str(...), interpolate=False, mask=None, maskParams=None, name='unnamed ImageStim', opacity=1.0, ori=0.0, pos=array([0., 0.]), size=array([10.30610668, 10.30610668]), texRes=128, units='deg', win=Window(...))",Z:\THHS_Paradigm/localizer_stim/faces\170.jpg,83.48787659671143,83.00801361737831,81.9859816232165,1,102.0713144578076,0,0,28
fpr,red,Filled,Polygon,Face,"ShapeStim(__class__=<class 'psychopy.visual.shape.ShapeStim'>, autoDraw=False, autoLog=True, closeShape=True, contrast=1.0, depth=0, fillColor='red', fillColorSpace='named', interpolate=True, lineColor='red', lineColorSpace='named', lineWidth=0, name='polygon_filled', opacity=1.0, ori=array(0.), pos=array([0., 0.]), size=array([15., 15.]), units='deg', vertices=ndarray(...), win=Window(...), windingRule=None)",EDS,Scene,"ImageStim(__class__=<class 'psychopy.visual.image.ImageStim'>, autoLog=True, color=array([1., 1., 1.]), colorSpace='rgb', contrast=1.0, depth=0, flipHoriz=False, flipVert=False, image=str(...), interpolate=False, mask=None, maskParams=None, name='unnamed ImageStim', opacity=1.0, ori=0.0, pos=array([0., 0.]), size=array([10.30610668, 10.30610668]), texRes=128, units='deg', win=Window(...))",Z:\THHS_Paradigm/localizer_stim/scenes\3.jpg,87.11993286269717,86.0697932178773,85.04592110725571,1,105.70335468373014,0,0,29
fpr,red,Filled,Polygon,Face,"ShapeStim(__class__=<class 'psychopy.visual.shape.ShapeStim'>, autoDraw=False, autoLog=True, closeShape=True, contrast=1.0, depth=0, fillColor='red', fillColorSpace='named', interpolate=True, lineColor='red', lineColorSpace='named', lineWidth=0, name='polygon_filled', opacity=1.0, ori=array(0.), pos=array([0., 0.]), size=array([15., 15.]), units='deg', vertices=ndarray(...), win=Window(...), windingRule=None)",Stay,Face,"ImageStim(__class__=<class 'psychopy.visual.image.ImageStim'>, autoLog=True, color=array([1., 1., 1.]), colorSpace='rgb', contrast=1.0, depth=0, flipHoriz=False, flipVert=False, image=str(...), interpolate=False, mask=None, maskParams=None, name='unnamed ImageStim', opacity=1.0, ori=0.0, pos=array([0., 0.]), size=array([10.30610668, 10.30610668]), texRes=128, units='deg', win=Window(...))",Z:\THHS_Paradigm/localizer_stim/faces\174.jpg,90.89589002160574,89.69112734080772,88.6641742541542,1,109.47930895542595,1,1,30
fpb,blue,Filled,Polygon,Face,"ShapeStim(__class__=<class 'psychopy.visual.shape.ShapeStim'>, autoDraw=False, autoLog=True, closeShape=True, contrast=1.0, depth=0, fillColor='blue', fillColorSpace='named', interpolate=True, lineColor='blue', lineColorSpace='named', lineWidth=0, name='polygon_filled', opacity=1.0, ori=array(0.), pos=array([0., 0.]), size=array([15., 15.]), units='deg', vertices=ndarray(...), win=Window(...), windingRule=None)",Stay,Scene,"ImageStim(__class__=<class 'psychopy.visual.image.ImageStim'>, autoLog=True, color=array([1., 1., 1.]), colorSpace='rgb', contrast=1.0, depth=0, flipHoriz=False, flipVert=False, image=str(...), interpolate=False, mask=None, maskParams=None, name='unnamed ImageStim', opacity=1.0, ori=0.0, pos=array([0., 0.]), size=array([10.30610668, 10.30610668]), texRes=128, units='deg', win=Window(...))",Z:\THHS_Paradigm/localizer_stim/scenes\38.jpg,94.32000221994531,93.2684067786613,92.2435270310416,1,112.90342949460319,0,0,31
fpr,red,Filled,Polygon,Face,"ShapeStim(__class__=<class 'psychopy.visual.shape.ShapeStim'>, autoDraw=False, autoLog=True, closeShape=True, contrast=1.0, depth=0, fillColor='red', fillColorSpace='named', interpolate=True, lineColor='red', lineColorSpace='named', lineWidth=0, name='polygon_filled', opacity=1.0, ori=array(0.), pos=array([0., 0.]), size=array([15., 15.]), units='deg', vertices=ndarray(...), win=Window(...), windingRule=None)",Stay,Scene,"ImageStim(__class__=<class 'psychopy.visual.image.ImageStim'>, autoLog=True, color=array([1., 1., 1.]), colorSpace='rgb', contrast=1.0, depth=0, flipHoriz=False, flipVert=False, image=str(...), interpolate=False, mask=None, maskParams=None, name='unnamed ImageStim', opacity=1.0, ori=0.0, pos=array([0., 0.]), size=array([10.30610668, 10.30610668]), texRes=128, units='deg', win=Window(...))",Z:\THHS_Paradigm/localizer_stim/scenes\Sc152.jpg,97.56797587830806,96.78322812118859,95.76503740223052,1,116.15138775449668,0,0,32
fcr,red,Filled,Circle,Scene,"Circle(__class__=<class 'psychopy.visual.circle.Circle'>, autoDraw=False, autoLog=True, closeShape=True, color=method-wrapper(...), colorSpace=None, contrast=1.0, depth=0, fillColor='red', fillColorSpace='named', fillRGB=array([255.,   0.,   0.]), interpolate=True, lineColor='red', lineColorSpace='named', lineRGB=array([255.,   0.,   0.]), lineWidth=1.5, name='circle_filled', opacity=1.0, ori=array(0.), pos=array([0., 0.]), size=array([10., 10.]), units='deg', vertices=ndarray(...), win=Window(...))",IDS,Face,"ImageStim(__class__=<class 'psychopy.visual.image.ImageStim'>, autoLog=True, color=array([1., 1., 1.]), colorSpace='rgb', contrast=1.0, depth=0, flipHoriz=False, flipVert=False, image=str(...), interpolate=False, mask=None, maskParams=None, name='unnamed ImageStim', opacity=1.0, ori=0.0, pos=array([0., 0.]), size=array([10.30610668, 10.30610668]), texRes=128, units='deg', win=Window(...))",Z:\THHS_Paradigm/localizer_stim/faces\21.jpg,100.8478570791558,100.12617758150736,99.11980550456792,0,119.43127890018877,0,1,33
dpb,blue,Donut,Polygon,Scene,"ShapeStim(__class__=<class 'psychopy.visual.shape.ShapeStim'>, autoDraw=False, autoLog=True, closeShape=True, contrast=1.0, depth=0, fillColor='blue', fillColorSpace='named', interpolate=True, lineColor='blue', lineColorSpace='named', lineWidth=30, name='polygon_donut', opacity=1.0, ori=array(0.), pos=array([0., 0.]), size=array([15., 15.]), units='deg', vertices=ndarray(...), win=Window(...), windingRule=None)",EDS,Scene,"ImageStim(__class__=<class 'psychopy.visual.image.ImageStim'>, autoLog=True, color=array([1., 1., 1.]), colorSpace='rgb', contrast=1.0, depth=0, flipHoriz=False, flipVert=False, image=str(...), interpolate=False, mask=None, maskParams=None, name='unnamed ImageStim', opacity=1.0, ori=0.0, pos=array([0., 0.]), size=array([10.30610668, 10.30610668]), texRes=128, units='deg', win=Window(...))",Z:\THHS_Paradigm/localizer_stim/scenes\Sc102.jpg,103.53585468212987,103.01610903909386,101.9983032817363,1,122.1192765031592,1,1,34
dcb,blue,Donut,Circle,Scene,"Circle(__class__=<class 'psychopy.visual.circle.Circle'>, autoDraw=False, autoLog=True, closeShape=True, color=method-wrapper(...), colorSpace=None, contrast=1.0, depth=0, fillColor=None, fillColorSpace='rgb', fillRGB=None, interpolate=True, lineColor='blue', lineColorSpace='named', lineRGB=array([  0.,   0., 255.]), lineWidth=100, name='circle_donut', opacity=1.0, ori=array(0.), pos=array([0., 0.]), size=array([10., 10.]), units='deg', vertices=ndarray(...), win=Window(...))",Stay,Scene,"ImageStim(__class__=<class 'psychopy.visual.image.ImageStim'>, autoLog=True, color=array([1., 1., 1.]), colorSpace='rgb', contrast=1.0, depth=0, flipHoriz=False, flipVert=False, image=str(...), interpolate=False, mask=None, maskParams=None, name='unnamed ImageStim', opacity=1.0, ori=0.0, pos=array([0., 0.]), size=array([10.30610668, 10.30610668]), texRes=128, units='deg', win=Window(...))",Z:\THHS_Paradigm/localizer_stim/scenes\Sc142.jpg,106.91184122643972,105.81093092056835,104.79122858570918,1,125.49526433067513,1,1,35
fcb,blue,Filled,Circle,Scene,"Circle(__class__=<class 'psychopy.visual.circle.Circle'>, autoDraw=False, autoLog=True, closeShape=True, color=method-wrapper(...), colorSpace=None, contrast=1.0, depth=0, fillColor='blue', fillColorSpace='named', fillRGB=array([  0.,   0., 255.]), interpolate=True, lineColor='blue', lineColorSpace='named', lineRGB=array([  0.,   0., 255.]), lineWidth=1.5, name='circle_filled', opacity=1.0, ori=array(0.), pos=array([0., 0.]), size=array([10., 10.]), units='deg', vertices=ndarray(...), win=Window(...))",EDS,Scene,"ImageStim(__class__=<class 'psychopy.visual.image.ImageStim'>, autoLog=True, color=array([1., 1., 1.]), colorSpace='rgb', contrast=1.0, depth=0, flipHoriz=False, flipVert=False, image=str(...), interpolate=False, mask=None, maskParams=None, name='unnamed ImageStim', opacity=1.0, ori=0.0, pos=array([0., 0.]), size=array([10.30610668, 10.30610668]), texRes=128, units='deg', win=Window(...))",Z:\THHS_Paradigm/localizer_stim/scenes\Sc139.jpg,109.80782139321673,109.39189123295,108.3796379051164,1,128.3912589335123,1,1,36
fcb,blue,Filled,Circle,Scene,"Circle(__class__=<class 'psychopy.visual.circle.Circle'>, autoDraw=False, autoLog=True, closeShape=True, color=method-wrapper(...), colorSpace=None, contrast=1.0, depth=0, fillColor='blue', fillColorSpace='named', fillRGB=array([  0.,   0., 255.]), interpolate=True, lineColor='blue', lineColorSpace='named', lineRGB=array([  0.,   0., 255.]), lineWidth=1.5, name='circle_filled', opacity=1.0, ori=array(0.), pos=array([0., 0.]), size=array([10., 10.]), units='deg', vertices=ndarray(...), win=Window(...))",Stay,Scene,"ImageStim(__class__=<class 'psychopy.visual.image.ImageStim'>, autoLog=True, color=array([1., 1., 1.]), colorSpace='rgb', contrast=1.0, depth=0, flipHoriz=False, flipVert=False, image=str(...), interpolate=False, mask=None, maskParams=None, name='unnamed ImageStim', opacity=1.0, ori=0.0, pos=array([0., 0.]), size=array([10.30610668, 10.30610668]), texRes=128, units='deg', win=Window(...))",Z:\THHS_Paradigm/localizer_stim/scenes\Sc123.jpg,113.00783011901149,112.07882120907743,111.06119510046847,1,131.59124969443656,1,1,37
fcb,blue,Filled,Circle,Scene,"Circle(__class__=<class 'psychopy.visual.circle.Circle'>, autoDraw=False, autoLog=True, closeShape=True, color=method-wrapper(...), colorSpace=None, contrast=1.0, depth=0, fillColor='blue', fillColorSpace='named', fillRGB=array([  0.,   0., 255.]), interpolate=True, lineColor='blue', lineColorSpace='named', lineRGB=array([  0.,   0., 255.]), lineWidth=1.5, name='circle_filled', opacity=1.0, ori=array(0.), pos=array([0., 0.]), size=array([10., 10.]), units='deg', vertices=ndarray(...), win=Window(...))",Stay,Face,"ImageStim(__class__=<class 'psychopy.visual.image.ImageStim'>, autoLog=True, color=array([1., 1., 1.]), colorSpace='rgb', contrast=1.0, depth=0, flipHoriz=False, flipVert=False, image=str(...), interpolate=False, mask=None, maskParams=None, name='unnamed ImageStim', opacity=1.0, ori=0.0, pos=array([0., 0.]), size=array([10.30610668, 10.30610668]), texRes=128, units='deg', win=Window(...))",Z:\THHS_Paradigm/localizer_stim/faces\161.jpg,115.63186186038001,115.19153315449876,114.17946909945385,1,134.21524743086047,0,0,38
fcr,red,Filled,Circle,Scene,"Circle(__class__=<class 'psychopy.visual.circle.Circle'>, autoDraw=False, autoLog=True, closeShape=True, color=method-wrapper(...), colorSpace=None, contrast=1.0, depth=0, fillColor='red', fillColorSpace='named', fillRGB=array([255.,   0.,   0.]), interpolate=True, lineColor='red', lineColorSpace='named', lineRGB=array([255.,   0.,   0.]), lineWidth=1.5, name='circle_filled', opacity=1.0, ori=array(0.), pos=array([0., 0.]), size=array([10., 10.]), units='deg', vertices=ndarray(...), win=Window(...))",Stay,Scene,"ImageStim(__class__=<class 'psychopy.visual.image.ImageStim'>, autoLog=True, color=array([1., 1., 1.]), colorSpace='rgb', contrast=1.0, depth=0, flipHoriz=False, flipVert=False, image=str(...), interpolate=False, mask=None, maskParams=None, name='unnamed ImageStim', opacity=1.0, ori=0.0, pos=array([0., 0.]), size=array([10.30610668, 10.30610668]), texRes=128, units='deg', win=Window(...))",Z:\THHS_Paradigm/localizer_stim/scenes\Sc21.jpg,118.78381935805373,118.09859219541977,117.08086824240308,1,137.3672414998873,1,1,39
fcr,red,Filled,Circle,Scene,"Circle(__class__=<class 'psychopy.visual.circle.Circle'>, autoDraw=False, autoLog=True, closeShape=True, color=method-wrapper(...), colorSpace=None, contrast=1.0, depth=0, fillColor='red', fillColorSpace='named', fillRGB=array([255.,   0.,   0.]), interpolate=True, lineColor='red', lineColorSpace='named', lineRGB=array([255.,   0.,   0.]), lineWidth=1.5, name='circle_filled', opacity=1.0, ori=array(0.), pos=array([0., 0.]), size=array([10., 10.]), units='deg', vertices=ndarray(...), win=Window(...))",Stay,Face,"ImageStim(__class__=<class 'psychopy.visual.image.ImageStim'>, autoLog=True, color=array([1., 1., 1.]), colorSpace='rgb', contrast=1.0, depth=0, flipHoriz=False, flipVert=False, image=str(...), interpolate=False, mask=None, maskParams=None, name='unnamed ImageStim', opacity=1.0, ori=0.0, pos=array([0., 0.]), size=array([10.30610668, 10.30610668]), texRes=128, units='deg', win=Window(...))",Z:\THHS_Paradigm/localizer_stim/faces\157.jpg,121.96779924509246,121.26972013933118,120.24845036914849,1,140.55123646458742,0,0,40
dcb,blue,Donut,Circle,Scene,"Circle(__class__=<class 'psychopy.visual.circle.Circle'>, autoDraw=False, autoLog=True, closeShape=True, color=method-wrapper(...), colorSpace=None, contrast=1.0, depth=0, fillColor=None, fillColorSpace='rgb', fillRGB=None, interpolate=True, lineColor='blue', lineColorSpace='named', lineRGB=array([  0.,   0., 255.]), lineWidth=100, name='circle_donut', opacity=1.0, ori=array(0.), pos=array([0., 0.]), size=array([10., 10.]), units='deg', vertices=ndarray(...), win=Window(...))",EDS,Scene,"ImageStim(__class__=<class 'psychopy.visual.image.ImageStim'>, autoLog=True, color=array([1., 1., 1.]), colorSpace='rgb', contrast=1.0, depth=0, flipHoriz=False, flipVert=False, image=str(...), interpolate=False, mask=None, maskParams=None, name='unnamed ImageStim', opacity=1.0, ori=0.0, pos=array([0., 0.]), size=array([10.30610668, 10.30610668]), texRes=128, units='deg', win=Window(...))",Z:\THHS_Paradigm/localizer_stim/scenes\Sc117.jpg,124.9438036259562,124.05042194999987,123.03751001702403,1,143.52723667503233,1,1,41
dpr,red,Donut,Polygon,Face,"ShapeStim(__class__=<class 'psychopy.visual.shape.ShapeStim'>, autoDraw=False, autoLog=True, closeShape=True, contrast=1.0, depth=0, fillColor='red', fillColorSpace='named', interpolate=True, lineColor='red', lineColorSpace='named', lineWidth=30, name='polygon_donut', opacity=1.0, ori=array(0.), pos=array([0., 0.]), size=array([15., 15.]), units='deg', vertices=ndarray(...), win=Window(...), windingRule=None)",IDS,Scene,"ImageStim(__class__=<class 'psychopy.visual.image.ImageStim'>, autoLog=True, color=array([1., 1., 1.]), colorSpace='rgb', contrast=1.0, depth=0, flipHoriz=False, flipVert=False, image=str(...), interpolate=False, mask=None, maskParams=None, name='unnamed ImageStim', opacity=1.0, ori=0.0, pos=array([0., 0.]), size=array([10.30610668, 10.30610668]), texRes=128, units='deg', win=Window(...))",Z:\THHS_Paradigm/localizer_stim/scenes\Sc11.jpg,127.91978362591544,127.12774533763513,126.09857615535293,1,146.50322084541403,0,0,42
fcb,blue,Filled,Circle,Scene,"Circle(__class__=<class 'psychopy.visual.circle.Circle'>, autoDraw=False, autoLog=True, closeShape=True, color=method-wrapper(...), colorSpace=None, contrast=1.0, depth=0, fillColor='blue', fillColorSpace='named', fillRGB=array([  0.,   0., 255.]), interpolate=True, lineColor='blue', lineColorSpace='named', lineRGB=array([  0.,   0., 255.]), lineWidth=1.5, name='circle_filled', opacity=1.0, ori=array(0.), pos=array([0., 0.]), size=array([10., 10.]), units='deg', vertices=ndarray(...), win=Window(...))",EDS,Face,"ImageStim(__class__=<class 'psychopy.visual.image.ImageStim'>, autoLog=True, color=array([1., 1., 1.]), colorSpace='rgb', contrast=1.0, depth=0, flipHoriz=False, flipVert=False, image=str(...), interpolate=False, mask=None, maskParams=None, name='unnamed ImageStim', opacity=1.0, ori=0.0, pos=array([0., 0.]), size=array([10.30610668, 10.30610668]), texRes=128, units='deg', win=Window(...))",Z:\THHS_Paradigm/localizer_stim/faces\119.jpg,131.45590585635728,130.20512069508914,129.18195498900968,1,150.0393190157556,0,0,43
fpb,blue,Filled,Polygon,Face,"ShapeStim(__class__=<class 'psychopy.visual.shape.ShapeStim'>, autoDraw=False, autoLog=True, closeShape=True, contrast=1.0, depth=0, fillColor='blue', fillColorSpace='named', interpolate=True, lineColor='blue', lineColorSpace='named', lineWidth=0, name='polygon_filled', opacity=1.0, ori=array(0.), pos=array([0., 0.]), size=array([15., 15.]), units='deg', vertices=ndarray(...), win=Window(...), windingRule=None)",IDS,Face,"ImageStim(__class__=<class 'psychopy.visual.image.ImageStim'>, autoLog=True, color=array([1., 1., 1.]), colorSpace='rgb', contrast=1.0, depth=0, flipHoriz=False, flipVert=False, image=str(...), interpolate=False, mask=None, maskParams=None, name='unnamed ImageStim', opacity=1.0, ori=0.0, pos=array([0., 0.]), size=array([10.30610668, 10.30610668]), texRes=128, units='deg', win=Window(...))",Z:\THHS_Paradigm/localizer_stim/faces\187.jpg,134.41583552387237,133.7355525514322,132.71138562438136,1,152.99925734490535,1,1,44
fpb,blue,Filled,Polygon,Face,"ShapeStim(__class__=<class 'psychopy.visual.shape.ShapeStim'>, autoDraw=False, autoLog=True, closeShape=True, contrast=1.0, depth=0, fillColor='blue', fillColorSpace='named', interpolate=True, lineColor='blue', lineColorSpace='named', lineWidth=0, name='polygon_filled', opacity=1.0, ori=array(0.), pos=array([0., 0.]), size=array([15., 15.]), units='deg', vertices=ndarray(...), win=Window(...), windingRule=None)",Stay,Face,"ImageStim(__class__=<class 'psychopy.visual.image.ImageStim'>, autoLog=True, color=array([1., 1., 1.]), colorSpace='rgb', contrast=1.0, depth=0, flipHoriz=False, flipVert=False, image=str(...), interpolate=False, mask=None, maskParams=None, name='unnamed ImageStim', opacity=1.0, ori=0.0, pos=array([0., 0.]), size=array([10.30610668, 10.30610668]), texRes=128, units='deg', win=Window(...))",Z:\THHS_Paradigm/localizer_stim/faces\18.jpg,137.24779368881354,136.70356769582213,135.67887240897107,1,155.83121326423498,1,1,45
fpr,red,Filled,Polygon,Face,"ShapeStim(__class__=<class 'psychopy.visual.shape.ShapeStim'>, autoDraw=False, autoLog=True, closeShape=True, contrast=1.0, depth=0, fillColor='red', fillColorSpace='named', interpolate=True, lineColor='red', lineColorSpace='named', lineWidth=0, name='polygon_filled', opacity=1.0, ori=array(0.), pos=array([0., 0.]), size=array([15., 15.]), units='deg', vertices=ndarray(...), win=Window(...), windingRule=None)",Stay,Face,"ImageStim(__class__=<class 'psychopy.visual.image.ImageStim'>, autoLog=True, color=array([1., 1., 1.]), colorSpace='rgb', contrast=1.0, depth=0, flipHoriz=False, flipVert=False, image=str(...), interpolate=False, mask=None, maskParams=None, name='unnamed ImageStim', opacity=1.0, ori=0.0, pos=array([0., 0.]), size=array([10.30610668, 10.30610668]), texRes=128, units='deg', win=Window(...))",Z:\THHS_Paradigm/localizer_stim/faces\187.jpg,140.2398115099677,139.5357193039672,138.51189467194126,1,158.8232487294663,1,1,46
fpb,blue,Filled,Polygon,Face,"ShapeStim(__class__=<class 'psychopy.visual.shape.ShapeStim'>, autoDraw=False, autoLog=True, closeShape=True, contrast=1.0, depth=0, fillColor='blue', fillColorSpace='named', interpolate=True, lineColor='blue', lineColorSpace='named', lineWidth=0, name='polygon_filled', opacity=1.0, ori=array(0.), pos=array([0., 0.]), size=array([15., 15.]), units='deg', vertices=ndarray(...), win=Window(...), windingRule=None)",Stay,Scene,"ImageStim(__class__=<class 'psychopy.visual.image.ImageStim'>, autoLog=True, color=array([1., 1., 1.]), colorSpace='rgb', contrast=1.0, depth=0, flipHoriz=False, flipVert=False, image=str(...), interpolate=False, mask=None, maskParams=None, name='unnamed ImageStim', opacity=1.0, ori=0.0, pos=array([0., 0.]), size=array([10.30610668, 10.30610668]), texRes=128, units='deg', win=Window(...))",Z:\THHS_Paradigm/localizer_stim/scenes\Sc78.jpg,143.37587522624744,142.5192827267092,141.49462016159669,1,161.95930891692842,0,0,47
fcb,blue,Filled,Circle,Scene,"Circle(__class__=<class 'psychopy.visual.circle.Circle'>, autoDraw=False, autoLog=True, closeShape=True, color=method-wrapper(...), colorSpace=None, contrast=1.0, depth=0, fillColor='blue', fillColorSpace='named', fillRGB=array([  0.,   0., 255.]), interpolate=True, lineColor='blue', lineColorSpace='named', lineRGB=array([  0.,   0., 255.]), lineWidth=1.5, name='circle_filled', opacity=1.0, ori=array(0.), pos=array([0., 0.]), size=array([10., 10.]), units='deg', vertices=ndarray(...), win=Window(...))",IDS,Scene,"ImageStim(__class__=<class 'psychopy.visual.image.ImageStim'>, autoLog=True, color=array([1., 1., 1.]), colorSpace='rgb', contrast=1.0, depth=0, flipHoriz=False, flipVert=False, image=str(...), interpolate=False, mask=None, maskParams=None, name='unnamed ImageStim', opacity=1.0, ori=0.0, pos=array([0., 0.]), size=array([10.30610668, 10.30610668]), texRes=128, units='deg', win=Window(...))",Z:\THHS_Paradigm/localizer_stim/scenes\Sc101.jpg,146.3357625479839,145.8622305830213,144.84271206732956,1,164.91918244420958,1,1,48
fpb,blue,Filled,Polygon,Face,"ShapeStim(__class__=<class 'psychopy.visual.shape.ShapeStim'>, autoDraw=False, autoLog=True, closeShape=True, contrast=1.0, depth=0, fillColor='blue', fillColorSpace='named', interpolate=True, lineColor='blue', lineColorSpace='named', lineWidth=0, name='polygon_filled', opacity=1.0, ori=array(0.), pos=array([0., 0.]), size=array([15., 15.]), units='deg', vertices=ndarray(...), win=Window(...), windingRule=None)",IDS,Scene,"ImageStim(__class__=<class 'psychopy.visual.image.ImageStim'>, autoLog=True, color=array([1., 1., 1.]), colorSpace='rgb', contrast=1.0, depth=0, flipHoriz=False, flipVert=False, image=str(...), interpolate=False, mask=None, maskParams=None, name='unnamed ImageStim', opacity=1.0, ori=0.0, pos=array([0., 0.]), size=array([10.30610668, 10.30610668]), texRes=128, units='deg', win=Window(...))",Z:\THHS_Paradigm/localizer_stim/scenes\59.jpg,149.1037811570277,148.4263764141724,147.40564462783004,1,167.6871997700473,0,0,49
fpb,blue,Filled,Polygon,Face,"ShapeStim(__class__=<class 'psychopy.visual.shape.ShapeStim'>, autoDraw=False, autoLog=True, closeShape=True, contrast=1.0, depth=0, fillColor='blue', fillColorSpace='named', interpolate=True, lineColor='blue', lineColorSpace='named', lineWidth=0, name='polygon_filled', opacity=1.0, ori=array(0.), pos=array([0., 0.]), size=array([15., 15.]), units='deg', vertices=ndarray(...), win=Window(...), windingRule=None)",Stay,Face,"ImageStim(__class__=<class 'psychopy.visual.image.ImageStim'>, autoLog=True, color=array([1., 1., 1.]), colorSpace='rgb', contrast=1.0, depth=0, flipHoriz=False, flipVert=False, image=str(...), interpolate=False, mask=None, maskParams=None, name='unnamed ImageStim', opacity=1.0, ori=0.0, pos=array([0., 0.]), size=array([10.30610668, 10.30610668]), texRes=128, units='deg', win=Window(...))",Z:\THHS_Paradigm/localizer_stim/faces\159.jpg,152.31974846608864,151.37882980655195,150.35934208779145,1,170.9031811943678,1,1,50
fpb,blue,Filled,Polygon,Face,"ShapeStim(__class__=<class 'psychopy.visual.shape.ShapeStim'>, autoDraw=False, autoLog=True, closeShape=True, contrast=1.0, depth=0, fillColor='blue', fillColorSpace='named', interpolate=True, lineColor='blue', lineColorSpace='named', lineWidth=0, name='polygon_filled', opacity=1.0, ori=array(0.), pos=array([0., 0.]), size=array([15., 15.]), units='deg', vertices=ndarray(...), win=Window(...), windingRule=None)",Stay,Scene,"ImageStim(__class__=<class 'psychopy.visual.image.ImageStim'>, autoLog=True, color=array([1., 1., 1.]), colorSpace='rgb', contrast=1.0, depth=0, flipHoriz=False, flipVert=False, image=str(...), interpolate=False, mask=None, maskParams=None, name='unnamed ImageStim', opacity=1.0, ori=0.0, pos=array([0., 0.]), size=array([10.30610668, 10.30610668]), texRes=128, units='deg', win=Window(...))",Z:\THHS_Paradigm/localizer_stim/scenes\Sc147.jpg,155.87185943512304,154.706258256625,153.70083511004123,1,174.4552700281056,0,0,51
fcr,red,Filled,Circle,Scene,"Circle(__class__=<class 'psychopy.visual.circle.Circle'>, autoDraw=False, autoLog=True, closeShape=True, color=method-wrapper(...), colorSpace=None, contrast=1.0, depth=0, fillColor='red', fillColorSpace='named', fillRGB=array([255.,   0.,   0.]), interpolate=True, lineColor='red', lineColorSpace='named', lineRGB=array([255.,   0.,   0.]), lineWidth=1.5, name='circle_filled', opacity=1.0, ori=array(0.), pos=array([0., 0.]), size=array([10., 10.]), units='deg', vertices=ndarray(...), win=Window(...))",IDS,Scene,"ImageStim(__class__=<class 'psychopy.visual.image.ImageStim'>, autoLog=True, color=array([1., 1., 1.]), colorSpace='rgb', contrast=1.0, depth=0, flipHoriz=False, flipVert=False, image=str(...), interpolate=False, mask=None, maskParams=None, name='unnamed ImageStim', opacity=1.0, ori=0.0, pos=array([0., 0.]), size=array([10.30610668, 10.30610668]), texRes=128, units='deg', win=Window(...))",Z:\THHS_Paradigm/localizer_stim/scenes\Sc136.jpg,158.78371445601442,158.27300706981987,157.25615184682465,1,177.36715295871545,1,1,52
fcb,blue,Filled,Circle,Scene,"Circle(__class__=<class 'psychopy.visual.circle.Circle'>, autoDraw=False, autoLog=True, closeShape=True, color=method-wrapper(...), colorSpace=None, contrast=1.0, depth=0, fillColor='blue', fillColorSpace='named', fillRGB=array([  0.,   0., 255.]), interpolate=True, lineColor='blue', lineColorSpace='named', lineRGB=array([  0.,   0., 255.]), lineWidth=1.5, name='circle_filled', opacity=1.0, ori=array(0.), pos=array([0., 0.]), size=array([10., 10.]), units='deg', vertices=ndarray(...), win=Window(...))",Stay,Scene,"ImageStim(__class__=<class 'psychopy.visual.image.ImageStim'>, autoLog=True, color=array([1., 1., 1.]), colorSpace='rgb', contrast=1.0, depth=0, flipHoriz=False, flipVert=False, image=str(...), interpolate=False, mask=None, maskParams=None, name='unnamed ImageStim', opacity=1.0, ori=0.0, pos=array([0., 0.]), size=array([10.30610668, 10.30610668]), texRes=128, units='deg', win=Window(...))",Z:\THHS_Paradigm/localizer_stim/scenes\Sc88.jpg,161.31174800156805,160.88179144448804,159.8504648732196,1,179.89516661458765,1,1,53
fpb,blue,Filled,Polygon,Face,"ShapeStim(__class__=<class 'psychopy.visual.shape.ShapeStim'>, autoDraw=False, autoLog=True, closeShape=True, contrast=1.0, depth=0, fillColor='blue', fillColorSpace='named', interpolate=True, lineColor='blue', lineColorSpace='named', lineWidth=0, name='polygon_filled', opacity=1.0, ori=array(0.), pos=array([0., 0.]), size=array([15., 15.]), units='deg', vertices=ndarray(...), win=Window(...), windingRule=None)",IDS,Scene,"ImageStim(__class__=<class 'psychopy.visual.image.ImageStim'>, autoLog=True, color=array([1., 1., 1.]), colorSpace='rgb', contrast=1.0, depth=0, flipHoriz=False, flipVert=False, image=str(...), interpolate=False, mask=None, maskParams=None, name='unnamed ImageStim', opacity=1.0, ori=0.0, pos=array([0., 0.]), size=array([10.30610668, 10.30610668]), texRes=128, units='deg', win=Window(...))",Z:\THHS_Paradigm/localizer_stim/scenes\Sc12.jpg,163.99980399038395,163.59990170647143,162.57145143998423,1,182.5832370394637,0,0,54
fpb,blue,Filled,Polygon,Face,"ShapeStim(__class__=<class 'psychopy.visual.shape.ShapeStim'>, autoDraw=False, autoLog=True, closeShape=True, contrast=1.0, depth=0, fillColor='blue', fillColorSpace='named', interpolate=True, lineColor='blue', lineColorSpace='named', lineWidth=0, name='polygon_filled', opacity=1.0, ori=array(0.), pos=array([0., 0.]), size=array([15., 15.]), units='deg', vertices=ndarray(...), win=Window(...), windingRule=None)",Stay,Face,"ImageStim(__class__=<class 'psychopy.visual.image.ImageStim'>, autoLog=True, color=array([1., 1., 1.]), colorSpace='rgb', contrast=1.0, depth=0, flipHoriz=False, flipVert=False, image=str(...), interpolate=False, mask=None, maskParams=None, name='unnamed ImageStim', opacity=1.0, ori=0.0, pos=array([0., 0.]), size=array([10.30610668, 10.30610668]), texRes=128, units='deg', win=Window(...))",Z:\THHS_Paradigm/localizer_stim/faces\17.jpg,167.19970428532906,166.48982610642997,165.47992746040472,1,185.78314182562826,1,1,55
fcr,red,Filled,Circle,Scene,"Circle(__class__=<class 'psychopy.visual.circle.Circle'>, autoDraw=False, autoLog=True, closeShape=True, color=method-wrapper(...), colorSpace=None, contrast=1.0, depth=0, fillColor='red', fillColorSpace='named', fillRGB=array([255.,   0.,   0.]), interpolate=True, lineColor='red', lineColorSpace='named', lineRGB=array([255.,   0.,   0.]), lineWidth=1.5, name='circle_filled', opacity=1.0, ori=array(0.), pos=array([0., 0.]), size=array([10., 10.]), units='deg', vertices=ndarray(...), win=Window(...))",IDS,Scene,"ImageStim(__class__=<class 'psychopy.visual.image.ImageStim'>, autoLog=True, color=array([1., 1., 1.]), colorSpace='rgb', contrast=1.0, depth=0, flipHoriz=False, flipVert=False, image=str(...), interpolate=False, mask=None, maskParams=None, name='unnamed ImageStim', opacity=1.0, ori=0.0, pos=array([0., 0.]), size=array([10.30610668, 10.30610668]), texRes=128, units='deg', win=Window(...))",Z:\THHS_Paradigm/localizer_stim/scenes\27.jpg,170.20769384260348,169.48910526582767,168.47595978948084,1,188.79113106210207,1,1,56
fpb,blue,Filled,Polygon,Face,"ShapeStim(__class__=<class 'psychopy.visual.shape.ShapeStim'>, autoDraw=False, autoLog=True, closeShape=True, contrast=1.0, depth=0, fillColor='blue', fillColorSpace='named', interpolate=True, lineColor='blue', lineColorSpace='named', lineWidth=0, name='polygon_filled', opacity=1.0, ori=array(0.), pos=array([0., 0.]), size=array([15., 15.]), units='deg', vertices=ndarray(...), win=Window(...), windingRule=None)",IDS,Face,"ImageStim(__class__=<class 'psychopy.visual.image.ImageStim'>, autoLog=True, color=array([1., 1., 1.]), colorSpace='rgb', contrast=1.0, depth=0, flipHoriz=False, flipVert=False, image=str(...), interpolate=False, mask=None, maskParams=None, name='unnamed ImageStim', opacity=1.0, ori=0.0, pos=array([0., 0.]), size=array([10.30610668, 10.30610668]), texRes=128, units='deg', win=Window(...))",Z:\THHS_Paradigm/localizer_stim/faces\157.jpg,173.26370735988894,172.2889130416661,171.2763767670549,1,191.84712757691523,1,1,57
fpb,blue,Filled,Polygon,Face,"ShapeStim(__class__=<class 'psychopy.visual.shape.ShapeStim'>, autoDraw=False, autoLog=True, closeShape=True, contrast=1.0, depth=0, fillColor='blue', fillColorSpace='named', interpolate=True, lineColor='blue', lineColorSpace='named', lineWidth=0, name='polygon_filled', opacity=1.0, ori=array(0.), pos=array([0., 0.]), size=array([15., 15.]), units='deg', vertices=ndarray(...), win=Window(...), windingRule=None)",Stay,Scene,"ImageStim(__class__=<class 'psychopy.visual.image.ImageStim'>, autoLog=True, color=array([1., 1., 1.]), colorSpace='rgb', contrast=1.0, depth=0, flipHoriz=False, flipVert=False, image=str(...), interpolate=False, mask=None, maskParams=None, name='unnamed ImageStim', opacity=1.0, ori=0.0, pos=array([0., 0.]), size=array([10.30610668, 10.30610668]), texRes=128, units='deg', win=Window(...))",Z:\THHS_Paradigm/localizer_stim/scenes\3.jpg,176.23969537988523,175.67870783788385,174.65091617653889,1,194.82313163697836,0,0,58
dpr,red,Donut,Polygon,Face,"ShapeStim(__class__=<class 'psychopy.visual.shape.ShapeStim'>, autoDraw=False, autoLog=True, closeShape=True, contrast=1.0, depth=0, fillColor='red', fillColorSpace='named', interpolate=True, lineColor='red', lineColorSpace='named', lineWidth=30, name='polygon_donut', opacity=1.0, ori=array(0.), pos=array([0., 0.]), size=array([15., 15.]), units='deg', vertices=ndarray(...), win=Window(...), windingRule=None)",EDS,Face,"ImageStim(__class__=<class 'psychopy.visual.image.ImageStim'>, autoLog=True, color=array([1., 1., 1.]), colorSpace='rgb', contrast=1.0, depth=0, flipHoriz=False, flipVert=False, image=str(...), interpolate=False, mask=None, maskParams=None, name='unnamed ImageStim', opacity=1.0, ori=0.0, pos=array([0., 0.]), size=array([10.30610668, 10.30610668]), texRes=128, units='deg', win=Window(...))",Z:\THHS_Paradigm/localizer_stim/faces\202.jpg,179.02378100304486,178.53738009248264,177.5172360141878,1,197.6072156561313,1,1,59
dcr,red,Donut,Circle,Face,"Circle(__class__=<class 'psychopy.visual.circle.Circle'>, autoDraw=False, autoLog=True, closeShape=True, color=method-wrapper(...), colorSpace=None, contrast=1.0, depth=0, fillColor=None, fillColorSpace='rgb', fillRGB=None, interpolate=True, lineColor='red', lineColorSpace='named', lineRGB=array([255.,   0.,   0.]), lineWidth=100, name='circle_donut', opacity=1.0, ori=array(0.), pos=array([0., 0.]), size=array([10., 10.]), units='deg', vertices=ndarray(...), win=Window(...))",Stay,Scene,"ImageStim(__class__=<class 'psychopy.visual.image.ImageStim'>, autoLog=True, color=array([1., 1., 1.]), colorSpace='rgb', contrast=1.0, depth=0, flipHoriz=False, flipVert=False, image=str(...), interpolate=False, mask=None, maskParams=None, name='unnamed ImageStim', opacity=1.0, ori=0.0, pos=array([0., 0.]), size=array([10.30610668, 10.30610668]), texRes=128, units='deg', win=Window(...))",Z:\THHS_Paradigm/localizer_stim/scenes\70.jpg,181.77580189106084,181.1150108078,180.10117721258575,1,200.35921312564824,0,0,60
fcb,blue,Filled,Circle,Scene,"Circle(__class__=<class 'psychopy.visual.circle.Circle'>, autoDraw=False, autoLog=True, closeShape=True, color=method-wrapper(...), colorSpace=None, contrast=1.0, depth=0, fillColor='blue', fillColorSpace='named', fillRGB=array([  0.,   0., 255.]), interpolate=True, lineColor='blue', lineColorSpace='named', lineRGB=array([  0.,   0., 255.]), lineWidth=1.5, name='circle_filled', opacity=1.0, ori=array(0.), pos=array([0., 0.]), size=array([10., 10.]), units='deg', vertices=ndarray(...), win=Window(...))",EDS,Scene,"ImageStim(__class__=<class 'psychopy.visual.image.ImageStim'>, autoLog=True, color=array([1., 1., 1.]), colorSpace='rgb', contrast=1.0, depth=0, flipHoriz=False, flipVert=False, image=str(...), interpolate=False, mask=None, maskParams=None, name='unnamed ImageStim', opacity=1.0, ori=0.0, pos=array([0., 0.]), size=array([10.30610668, 10.30610668]), texRes=128, units='deg', win=Window(...))",Z:\THHS_Paradigm/localizer_stim/scenes\Sc151.jpg,184.70367740987786,184.06732818040837,183.04242565589448,1,203.28709987251204,1,1,61
dcb,blue,Donut,Circle,Scene,"Circle(__class__=<class 'psychopy.visual.circle.Circle'>, autoDraw=False, autoLog=True, closeShape=True, color=method-wrapper(...), colorSpace=None, contrast=1.0, depth=0, fillColor=None, fillColorSpace='rgb', fillRGB=None, interpolate=True, lineColor='blue', lineColorSpace='named', lineRGB=array([  0.,   0., 255.]), lineWidth=100, name='circle_donut', opacity=1.0, ori=array(0.), pos=array([0., 0.]), size=array([10., 10.]), units='deg', vertices=ndarray(...), win=Window(...))",EDS,Face,"ImageStim(__class__=<class 'psychopy.visual.image.ImageStim'>, autoLog=True, color=array([1., 1., 1.]), colorSpace='rgb', contrast=1.0, depth=0, flipHoriz=False, flipVert=False, image=str(...), interpolate=False, mask=None, maskParams=None, name='unnamed ImageStim', opacity=1.0, ori=0.0, pos=array([0., 0.]), size=array([10.30610668, 10.30610668]), texRes=128, units='deg', win=Window(...))",Z:\THHS_Paradigm/localizer_stim/faces\172.jpg,188.41573479225553,187.31751729279858,186.30425151594682,1,206.9991457060387,0,0,62
dpb,blue,Donut,Polygon,Scene,"ShapeStim(__class__=<class 'psychopy.visual.shape.ShapeStim'>, autoDraw=False, autoLog=True, closeShape=True, contrast=1.0, depth=0, fillColor='blue', fillColorSpace='named', interpolate=True, lineColor='blue', lineColorSpace='named', lineWidth=30, name='polygon_donut', opacity=1.0, ori=array(0.), pos=array([0., 0.]), size=array([15., 15.]), units='deg', vertices=ndarray(...), win=Window(...), windingRule=None)",Stay,Scene,"ImageStim(__class__=<class 'psychopy.visual.image.ImageStim'>, autoLog=True, color=array([1., 1., 1.]), colorSpace='rgb', contrast=1.0, depth=0, flipHoriz=False, flipVert=False, image=str(...), interpolate=False, mask=None, maskParams=None, name='unnamed ImageStim', opacity=1.0, ori=0.0, pos=array([0., 0.]), size=array([10.30610668, 10.30610668]), texRes=128, units='deg', win=Window(...))",Z:\THHS_Paradigm/localizer_stim/scenes\61.jpg,191.9036684915991,190.81669283336305,189.79493191633446,1,210.487104107091,1,1,63
dpb,blue,Donut,Polygon,Scene,"ShapeStim(__class__=<class 'psychopy.visual.shape.ShapeStim'>, autoDraw=False, autoLog=True, closeShape=True, contrast=1.0, depth=0, fillColor='blue', fillColorSpace='named', interpolate=True, lineColor='blue', lineColorSpace='named', lineWidth=30, name='polygon_donut', opacity=1.0, ori=array(0.), pos=array([0., 0.]), size=array([15., 15.]), units='deg', vertices=ndarray(...), win=Window(...), windingRule=None)",Stay,Scene,"ImageStim(__class__=<class 'psychopy.visual.image.ImageStim'>, autoLog=True, color=array([1., 1., 1.]), colorSpace='rgb', contrast=1.0, depth=0, flipHoriz=False, flipVert=False, image=str(...), interpolate=False, mask=None, maskParams=None, name='unnamed ImageStim', opacity=1.0, ori=0.0, pos=array([0., 0.]), size=array([10.30610668, 10.30610668]), texRes=128, units='deg', win=Window(...))",Z:\THHS_Paradigm/localizer_stim/scenes\1.jpg,195.59983658380224,194.3939921609017,193.38751742753448,1,214.18324749758904,1,1,64
fcb,blue,Filled,Circle,Scene,"Circle(__class__=<class 'psychopy.visual.circle.Circle'>, autoDraw=False, autoLog=True, closeShape=True, color=method-wrapper(...), colorSpace=None, contrast=1.0, depth=0, fillColor='blue', fillColorSpace='named', fillRGB=array([  0.,   0., 255.]), interpolate=True, lineColor='blue', lineColorSpace='named', lineRGB=array([  0.,   0., 255.]), lineWidth=1.5, name='circle_filled', opacity=1.0, ori=array(0.), pos=array([0., 0.]), size=array([10., 10.]), units='deg', vertices=ndarray(...), win=Window(...))",EDS,Face,"ImageStim(__class__=<class 'psychopy.visual.image.ImageStim'>, autoLog=True, color=array([1., 1., 1.]), colorSpace='rgb', contrast=1.0, depth=0, flipHoriz=False, flipVert=False, image=str(...), interpolate=False, mask=None, maskParams=None, name='unnamed ImageStim', opacity=1.0, ori=0.0, pos=array([0., 0.]), size=array([10.30610668, 10.30610668]), texRes=128, units='deg', win=Window(...))",Z:\THHS_Paradigm/localizer_stim/faces\12.jpg,198.7356564910624,197.6900940397063,196.68399432310252,1,217.31907863289598,0,0,65
fcb,blue,Filled,Circle,Scene,"Circle(__class__=<class 'psychopy.visual.circle.Circle'>, autoDraw=False, autoLog=True, closeShape=True, color=method-wrapper(...), colorSpace=None, contrast=1.0, depth=0, fillColor='blue', fillColorSpace='named', fillRGB=array([  0.,   0., 255.]), interpolate=True, lineColor='blue', lineColorSpace='named', lineRGB=array([  0.,   0., 255.]), lineWidth=1.5, name='circle_filled', opacity=1.0, ori=array(0.), pos=array([0., 0.]), size=array([10., 10.]), units='deg', vertices=ndarray(...), win=Window(...))",Stay,Face,"ImageStim(__class__=<class 'psychopy.visual.image.ImageStim'>, autoLog=True, color=array([1., 1., 1.]), colorSpace='rgb', contrast=1.0, depth=0, flipHoriz=False, flipVert=False, image=str(...), interpolate=False, mask=None, maskParams=None, name='unnamed ImageStim', opacity=1.0, ori=0.0, pos=array([0., 0.]), size=array([10.30610668, 10.30610668]), texRes=128, units='deg', win=Window(...))",Z:\THHS_Paradigm/localizer_stim/faces\127.jpg,201.37564360768374,200.86151744164818,199.83738901075776,1,219.95906478711186,0,0,66
dcb,blue,Donut,Circle,Scene,"Circle(__class__=<class 'psychopy.visual.circle.Circle'>, autoDraw=False, autoLog=True, closeShape=True, color=method-wrapper(...), colorSpace=None, contrast=1.0, depth=0, fillColor=None, fillColorSpace='rgb', fillRGB=None, interpolate=True, lineColor='blue', lineColorSpace='named', lineRGB=array([  0.,   0., 255.]), lineWidth=100, name='circle_donut', opacity=1.0, ori=array(0.), pos=array([0., 0.]), size=array([10., 10.]), units='deg', vertices=ndarray(...), win=Window(...))",EDS,Scene,"ImageStim(__class__=<class 'psychopy.visual.image.ImageStim'>, autoLog=True, color=array([1., 1., 1.]), colorSpace='rgb', contrast=1.0, depth=0, flipHoriz=False, flipVert=False, image=str(...), interpolate=False, mask=None, maskParams=None, name='unnamed ImageStim', opacity=1.0, ori=0.0, pos=array([0., 0.]), size=array([10.30610668, 10.30610668]), texRes=128, units='deg', win=Window(...))",Z:\THHS_Paradigm/localizer_stim/scenes\Sc54.jpg,204.30367984796612,203.78271900946856,202.76342345070952,1,222.88711706746471,1,1,67
dcr,red,Donut,Circle,Face,"Circle(__class__=<class 'psychopy.visual.circle.Circle'>, autoDraw=False, autoLog=True, closeShape=True, color=method-wrapper(...), colorSpace=None, contrast=1.0, depth=0, fillColor=None, fillColorSpace='rgb', fillRGB=None, interpolate=True, lineColor='red', lineColorSpace='named', lineRGB=array([255.,   0.,   0.]), lineWidth=100, name='circle_donut', opacity=1.0, ori=array(0.), pos=array([0., 0.]), size=array([10., 10.]), units='deg', vertices=ndarray(...), win=Window(...))",IDS,Scene,"ImageStim(__class__=<class 'psychopy.visual.image.ImageStim'>, autoLog=True, color=array([1., 1., 1.]), colorSpace='rgb', contrast=1.0, depth=0, flipHoriz=False, flipVert=False, image=str(...), interpolate=False, mask=None, maskParams=None, name='unnamed ImageStim', opacity=1.0, ori=0.0, pos=array([0., 0.]), size=array([10.30610668, 10.30610668]), texRes=128, units='deg', win=Window(...))",Z:\THHS_Paradigm/localizer_stim/scenes\Sc44.jpg,207.95164401060902,206.43837759215603,205.42142965757375,1,226.53506390683106,0,0,68
dpr,red,Donut,Polygon,Face,"ShapeStim(__class__=<class 'psychopy.visual.shape.ShapeStim'>, autoDraw=False, autoLog=True, closeShape=True, contrast=1.0, depth=0, fillColor='red', fillColorSpace='named', interpolate=True, lineColor='red', lineColorSpace='named', lineWidth=30, name='polygon_donut', opacity=1.0, ori=array(0.), pos=array([0., 0.]), size=array([15., 15.]), units='deg', vertices=ndarray(...), win=Window(...), windingRule=None)",Stay,Face,"ImageStim(__class__=<class 'psychopy.visual.image.ImageStim'>, autoLog=True, color=array([1., 1., 1.]), colorSpace='rgb', contrast=1.0, depth=0, flipHoriz=False, flipVert=False, image=str(...), interpolate=False, mask=None, maskParams=None, name='unnamed ImageStim', opacity=1.0, ori=0.0, pos=array([0., 0.]), size=array([10.30610668, 10.30610668]), texRes=128, units='deg', win=Window(...))",Z:\THHS_Paradigm/localizer_stim/faces\119.jpg,211.02364177526397,210.5691827329356,209.55030453671134,1,229.60706199229026,1,1,69
fpr,red,Filled,Polygon,Face,"ShapeStim(__class__=<class 'psychopy.visual.shape.ShapeStim'>, autoDraw=False, autoLog=True, closeShape=True, contrast=1.0, depth=0, fillColor='red', fillColorSpace='named', interpolate=True, lineColor='red', lineColorSpace='named', lineWidth=0, name='polygon_filled', opacity=1.0, ori=array(0.), pos=array([0., 0.]), size=array([15., 15.]), units='deg', vertices=ndarray(...), win=Window(...), windingRule=None)",EDS,Scene,"ImageStim(__class__=<class 'psychopy.visual.image.ImageStim'>, autoLog=True, color=array([1., 1., 1.]), colorSpace='rgb', contrast=1.0, depth=0, flipHoriz=False, flipVert=False, image=str(...), interpolate=False, mask=None, maskParams=None, name='unnamed ImageStim', opacity=1.0, ori=0.0, pos=array([0., 0.]), size=array([10.30610668, 10.30610668]), texRes=128, units='deg', win=Window(...))",Z:\THHS_Paradigm/localizer_stim/scenes\Sc131.jpg,214.4316308192574,213.4278963709039,212.41460204273608,1,233.0150609811244,0,0,70
fpb,blue,Filled,Polygon,Face,"ShapeStim(__class__=<class 'psychopy.visual.shape.ShapeStim'>, autoDraw=False, autoLog=True, closeShape=True, contrast=1.0, depth=0, fillColor='blue', fillColorSpace='named', interpolate=True, lineColor='blue', lineColorSpace='named', lineWidth=0, name='polygon_filled', opacity=1.0, ori=array(0.), pos=array([0., 0.]), size=array([15., 15.]), units='deg', vertices=ndarray(...), win=Window(...), windingRule=None)",Stay,Scene,"ImageStim(__class__=<class 'psychopy.visual.image.ImageStim'>, autoLog=True, color=array([1., 1., 1.]), colorSpace='rgb', contrast=1.0, depth=0, flipHoriz=False, flipVert=False, image=str(...), interpolate=False, mask=None, maskParams=None, name='unnamed ImageStim', opacity=1.0, ori=0.0, pos=array([0., 0.]), size=array([10.30610668, 10.30610668]), texRes=128, units='deg', win=Window(...))",Z:\THHS_Paradigm/localizer_stim/scenes\Sc135.jpg,217.58378176013503,216.56313755255542,215.53109078228954,1,236.16720903478927,0,0,71
fcb,blue,Filled,Circle,Scene,"Circle(__class__=<class 'psychopy.visual.circle.Circle'>, autoDraw=False, autoLog=True, closeShape=True, color=method-wrapper(...), colorSpace=None, contrast=1.0, depth=0, fillColor='blue', fillColorSpace='named', fillRGB=array([  0.,   0., 255.]), interpolate=True, lineColor='blue', lineColorSpace='named', lineRGB=array([  0.,   0., 255.]), lineWidth=1.5, name='circle_filled', opacity=1.0, ori=array(0.), pos=array([0., 0.]), size=array([10., 10.]), units='deg', vertices=ndarray(...), win=Window(...))",IDS,Face,"ImageStim(__class__=<class 'psychopy.visual.image.ImageStim'>, autoLog=True, color=array([1., 1., 1.]), colorSpace='rgb', contrast=1.0, depth=0, flipHoriz=False, flipVert=False, image=str(...), interpolate=False, mask=None, maskParams=None, name='unnamed ImageStim', opacity=1.0, ori=0.0, pos=array([0., 0.]), size=array([10.30610668, 10.30610668]), texRes=128, units='deg', win=Window(...))",Z:\THHS_Paradigm/localizer_stim/faces\85.jpg,220.62359031872984,220.10926814308186,219.09246071948292,1,239.20702657582297,0,0,72
dpb,blue,Donut,Polygon,Scene,"ShapeStim(__class__=<class 'psychopy.visual.shape.ShapeStim'>, autoDraw=False, autoLog=True, closeShape=True, contrast=1.0, depth=0, fillColor='blue', fillColorSpace='named', interpolate=True, lineColor='blue', lineColorSpace='named', lineWidth=30, name='polygon_donut', opacity=1.0, ori=array(0.), pos=array([0., 0.]), size=array([15., 15.]), units='deg', vertices=ndarray(...), win=Window(...), windingRule=None)",EDS,Face,"ImageStim(__class__=<class 'psychopy.visual.image.ImageStim'>, autoLog=True, color=array([1., 1., 1.]), colorSpace='rgb', contrast=1.0, depth=0, flipHoriz=False, flipVert=False, image=str(...), interpolate=False, mask=None, maskParams=None, name='unnamed ImageStim', opacity=1.0, ori=0.0, pos=array([0., 0.]), size=array([10.30610668, 10.30610668]), texRes=128, units='deg', win=Window(...))",Z:\THHS_Paradigm/localizer_stim/faces\32.jpg,223.48760712358853,222.94193816618645,221.9132883612656,1,242.07102894461786,0,0,73
fcr,red,Filled,Circle,Scene,"Circle(__class__=<class 'psychopy.visual.circle.Circle'>, autoDraw=False, autoLog=True, closeShape=True, color=method-wrapper(...), colorSpace=None, contrast=1.0, depth=0, fillColor='red', fillColorSpace='named', fillRGB=array([255.,   0.,   0.]), interpolate=True, lineColor='red', lineColorSpace='named', lineRGB=array([255.,   0.,   0.]), lineWidth=1.5, name='circle_filled', opacity=1.0, ori=array(0.), pos=array([0., 0.]), size=array([10., 10.]), units='deg', vertices=ndarray(...), win=Window(...))",EDS,Scene,"ImageStim(__class__=<class 'psychopy.visual.image.ImageStim'>, autoLog=True, color=array([1., 1., 1.]), colorSpace='rgb', contrast=1.0, depth=0, flipHoriz=False, flipVert=False, image=str(...), interpolate=False, mask=None, maskParams=None, name='unnamed ImageStim', opacity=1.0, ori=0.0, pos=array([0., 0.]), size=array([10.30610668, 10.30610668]), texRes=128, units='deg', win=Window(...))",Z:\THHS_Paradigm/localizer_stim/scenes\Sc57.jpg,226.7515964678496,226.09745591708634,225.08825405156313,1,245.3350173264771,1,1,74
fcb,blue,Filled,Circle,Scene,"Circle(__class__=<class 'psychopy.visual.circle.Circle'>, autoDraw=False, autoLog=True, closeShape=True, color=method-wrapper(...), colorSpace=None, contrast=1.0, depth=0, fillColor='blue', fillColorSpace='named', fillRGB=array([  0.,   0., 255.]), interpolate=True, lineColor='blue', lineColorSpace='named', lineRGB=array([  0.,   0., 255.]), lineWidth=1.5, name='circle_filled', opacity=1.0, ori=array(0.), pos=array([0., 0.]), size=array([10., 10.]), units='deg', vertices=ndarray(...), win=Window(...))",Stay,Face,"ImageStim(__class__=<class 'psychopy.visual.image.ImageStim'>, autoLog=True, color=array([1., 1., 1.]), colorSpace='rgb', contrast=1.0, depth=0, flipHoriz=False, flipVert=False, image=str(...), interpolate=False, mask=None, maskParams=None, name='unnamed ImageStim', opacity=1.0, ori=0.0, pos=array([0., 0.]), size=array([10.30610668, 10.30610668]), texRes=128, units='deg', win=Window(...))",Z:\THHS_Paradigm/localizer_stim/faces\99.jpg,229.53557686817294,228.89369124924633,227.8689407845668,1,248.11900703003994,0,0,75
dpr,red,Donut,Polygon,Face,"ShapeStim(__class__=<class 'psychopy.visual.shape.ShapeStim'>, autoDraw=False, autoLog=True, closeShape=True, contrast=1.0, depth=0, fillColor='red', fillColorSpace='named', interpolate=True, lineColor='red', lineColorSpace='named', lineWidth=30, name='polygon_donut', opacity=1.0, ori=array(0.), pos=array([0., 0.]), size=array([15., 15.]), units='deg', vertices=ndarray(...), win=Window(...), windingRule=None)",EDS,Scene,"ImageStim(__class__=<class 'psychopy.visual.image.ImageStim'>, autoLog=True, color=array([1., 1., 1.]), colorSpace='rgb', contrast=1.0, depth=0, flipHoriz=False, flipVert=False, image=str(...), interpolate=False, mask=None, maskParams=None, name='unnamed ImageStim', opacity=1.0, ori=0.0, pos=array([0., 0.]), size=array([10.30610668, 10.30610668]), texRes=128, units='deg', win=Window(...))",Z:\THHS_Paradigm/localizer_stim/scenes\34.jpg,232.68763060624406,231.95522543672632,230.92583843033208,1,251.2710517856758,0,0,76
fcb,blue,Filled,Circle,Scene,"Circle(__class__=<class 'psychopy.visual.circle.Circle'>, autoDraw=False, autoLog=True, closeShape=True, color=method-wrapper(...), colorSpace=None, contrast=1.0, depth=0, fillColor='blue', fillColorSpace='named', fillRGB=array([  0.,   0., 255.]), interpolate=True, lineColor='blue', lineColorSpace='named', lineRGB=array([  0.,   0., 255.]), lineWidth=1.5, name='circle_filled', opacity=1.0, ori=array(0.), pos=array([0., 0.]), size=array([10., 10.]), units='deg', vertices=ndarray(...), win=Window(...))",EDS,Face,"ImageStim(__class__=<class 'psychopy.visual.image.ImageStim'>, autoLog=True, color=array([1., 1., 1.]), colorSpace='rgb', contrast=1.0, depth=0, flipHoriz=False, flipVert=False, image=str(...), interpolate=False, mask=None, maskParams=None, name='unnamed ImageStim', opacity=1.0, ori=0.0, pos=array([0., 0.]), size=array([10.30610668, 10.30610668]), texRes=128, units='deg', win=Window(...))",Z:\THHS_Paradigm/localizer_stim/faces\125.jpg,236.4956229865711,235.2873183382253,234.2807784821889,1,255.07904448680347,0,0,77
dcb,blue,Donut,Circle,Scene,"Circle(__class__=<class 'psychopy.visual.circle.Circle'>, autoDraw=False, autoLog=True, closeShape=True, color=method-wrapper(...), colorSpace=None, contrast=1.0, depth=0, fillColor=None, fillColorSpace='rgb', fillRGB=None, interpolate=True, lineColor='blue', lineColorSpace='named', lineRGB=array([  0.,   0., 255.]), lineWidth=100, name='circle_donut', opacity=1.0, ori=array(0.), pos=array([0., 0.]), size=array([10., 10.]), units='deg', vertices=ndarray(...), win=Window(...))",EDS,Face,"ImageStim(__class__=<class 'psychopy.visual.image.ImageStim'>, autoLog=True, color=array([1., 1., 1.]), colorSpace='rgb', contrast=1.0, depth=0, flipHoriz=False, flipVert=False, image=str(...), interpolate=False, mask=None, maskParams=None, name='unnamed ImageStim', opacity=1.0, ori=0.0, pos=array([0., 0.]), size=array([10.30610668, 10.30610668]), texRes=128, units='deg', win=Window(...))",Z:\THHS_Paradigm/localizer_stim/faces\22.jpg,239.67959004156,239.11021226141384,238.09743281939154,1,258.26300608816746,0,0,78
dcb,blue,Donut,Circle,Scene,"Circle(__class__=<class 'psychopy.visual.circle.Circle'>, autoDraw=False, autoLog=True, closeShape=True, color=method-wrapper(...), colorSpace=None, contrast=1.0, depth=0, fillColor=None, fillColorSpace='rgb', fillRGB=None, interpolate=True, lineColor='blue', lineColorSpace='named', lineRGB=array([  0.,   0., 255.]), lineWidth=100, name='circle_donut', opacity=1.0, ori=array(0.), pos=array([0., 0.]), size=array([10., 10.]), units='deg', vertices=ndarray(...), win=Window(...))",Stay,Scene,"ImageStim(__class__=<class 'psychopy.visual.image.ImageStim'>, autoLog=True, color=array([1., 1., 1.]), colorSpace='rgb', contrast=1.0, depth=0, flipHoriz=False, flipVert=False, image=str(...), interpolate=False, mask=None, maskParams=None, name='unnamed ImageStim', opacity=1.0, ori=0.0, pos=array([0., 0.]), size=array([10.30610668, 10.30610668]), texRes=128, units='deg', win=Window(...))",Z:\THHS_Paradigm/localizer_stim/scenes\Sc88.jpg,242.879553534367,242.20957277603156,241.19243364384965,1,261.4629891498553,1,1,79
dpr,red,Donut,Polygon,Face,"ShapeStim(__class__=<class 'psychopy.visual.shape.ShapeStim'>, autoDraw=False, autoLog=True, closeShape=True, contrast=1.0, depth=0, fillColor='red', fillColorSpace='named', interpolate=True, lineColor='red', lineColorSpace='named', lineWidth=30, name='polygon_donut', opacity=1.0, ori=array(0.), pos=array([0., 0.]), size=array([15., 15.]), units='deg', vertices=ndarray(...), win=Window(...), windingRule=None)",IDS,Face,"ImageStim(__class__=<class 'psychopy.visual.image.ImageStim'>, autoLog=True, color=array([1., 1., 1.]), colorSpace='rgb', contrast=1.0, depth=0, flipHoriz=False, flipVert=False, image=str(...), interpolate=False, mask=None, maskParams=None, name='unnamed ImageStim', opacity=1.0, ori=0.0, pos=array([0., 0.]), size=array([10.30610668, 10.30610668]), texRes=128, units='deg', win=Window(...))",Z:\THHS_Paradigm/localizer_stim/faces\136.jpg,245.48764401574226,245.10390370314053,244.08833328949186,1,264.0710693655892,1,1,80
fpr,red,Filled,Polygon,Face,"ShapeStim(__class__=<class 'psychopy.visual.shape.ShapeStim'>, autoDraw=False, autoLog=True, closeShape=True, contrast=1.0, depth=0, fillColor='red', fillColorSpace='named', interpolate=True, lineColor='red', lineColorSpace='named', lineWidth=0, name='polygon_filled', opacity=1.0, ori=array(0.), pos=array([0., 0.]), size=array([15., 15.]), units='deg', vertices=ndarray(...), win=Window(...), windingRule=None)",EDS,Face,"ImageStim(__class__=<class 'psychopy.visual.image.ImageStim'>, autoLog=True, color=array([1., 1., 1.]), colorSpace='rgb', contrast=1.0, depth=0, flipHoriz=False, flipVert=False, image=str(...), interpolate=False, mask=None, maskParams=None, name='unnamed ImageStim', opacity=1.0, ori=0.0, pos=array([0., 0.]), size=array([10.30610668, 10.30610668]), texRes=128, units='deg', win=Window(...))",Z:\THHS_Paradigm/localizer_stim/faces\79.jpg,248.17558964889758,247.71992375194168,246.71394209022765,1,266.75899286345157,1,1,81
